Date,Close
12/30/2005,1.728
12/29/2005,1.703
12/28/2005,1.6825
12/27/2005,1.637
12/23/2005,1.7053
12/22/2005,1.74
12/21/2005,1.7565
12/20/2005,1.7203
12/19/2005,1.7033
12/16/2005,1.732
12/15/2005,1.7873
12/14/2005,1.845
12/13/2005,1.8365
12/12/2005,1.7725
12/9/2005,1.7317
12/8/2005,1.7833
12/7/2005,1.7368
12/6/2005,1.772
12/5/2005,1.7895
12/2/2005,1.772
12/1/2005,1.7388
11/30/2005,1.6165
11/29/2005,1.6098
11/28/2005,1.6355
11/23/2005,1.689
11/22/2005,1.736
11/21/2005,1.7095
11/18/2005,1.6963
11/17/2005,1.697
11/16/2005,1.7293
11/15/2005,1.681
11/14/2005,1.7305
11/11/2005,1.7235
11/10/2005,1.7435
11/9/2005,1.7895
11/8/2005,1.7785
11/7/2005,1.786
11/4/2005,1.796
11/3/2005,1.8335
11/2/2005,1.783
11/1/2005,1.805
10/31/2005,1.7698
10/28/2005,1.8435
10/27/2005,1.854
10/26/2005,1.8563
10/25/2005,1.89
10/24/2005,1.7975
10/21/2005,1.8665
10/20/2005,1.87
10/19/2005,1.9135
10/18/2005,1.9343
10/17/2005,1.9833
10/14/2005,1.95
10/13/2005,1.997
10/12/2005,2.0158
10/11/2005,2.018
10/10/2005,1.9717
10/7/2005,1.96
10/6/2005,1.9508
10/5/2005,2.0147
10/4/2005,2.0498
10/3/2005,2.0808
9/30/2005,2.0673
9/29/2005,2.1248
9/28/2005,2.141
9/27/2005,2.0688
9/26/2005,2.0587
9/23/2005,1.949
9/22/2005,2.0458
9/21/2005,2.0387
9/20/2005,2.0113
9/19/2005,2.0383
9/16/2005,1.837
9/15/2005,1.912
9/14/2005,1.925
9/13/2005,1.84
9/12/2005,1.8143
9/9/2005,1.8965
9/8/2005,1.9295
9/7/2005,1.9623
9/6/2005,2.0543
9/2/2005,2.091
9/1/2005,2.1985
8/31/2005,2.053
8/30/2005,2.076
8/29/2005,1.9088
8/26/2005,1.8365
8/25/2005,1.8695
8/24/2005,1.8655
8/23/2005,1.8195
8/22/2005,1.8118
8/19/2005,1.8228
8/18/2005,1.7905
8/17/2005,1.7838
8/16/2005,1.864
8/15/2005,1.8693
8/12/2005,1.9055
8/11/2005,1.8985
8/10/2005,1.8388
8/9/2005,1.7768
8/8/2005,1.7895
8/5/2005,1.7313
8/4/2005,1.7078
8/3/2005,1.689
8/2/2005,1.725
8/1/2005,1.717
7/29/2005,1.6362
7/28/2005,1.6455
7/27/2005,1.6173
7/26/2005,1.6038
7/25/2005,1.6065
7/22/2005,1.582
7/21/2005,1.569
7/20/2005,1.5978
7/19/2005,1.63
7/18/2005,1.6315
7/15/2005,1.662
7/14/2005,1.657
7/13/2005,1.718
7/12/2005,1.7515
7/11/2005,1.6818
7/8/2005,1.718
7/7/2005,1.775
7/6/2005,1.7948
7/5/2005,1.7323
7/1/2005,1.711
6/30/2005,1.619
6/29/2005,1.6015
6/28/2005,1.6205
6/27/2005,1.676
6/24/2005,1.6505
6/23/2005,1.6755
6/22/2005,1.6225
6/21/2005,1.6298
6/20/2005,1.6618
6/17/2005,1.6518
6/16/2005,1.6255
6/15/2005,1.621
6/14/2005,1.6385
6/13/2005,1.6632
6/10/2005,1.6075
6/9/2005,1.6255
6/8/2005,1.5528
6/7/2005,1.6007
6/6/2005,1.6165
6/3/2005,1.5995
6/2/2005,1.5422
6/1/2005,1.456
5/31/2005,1.4518
5/27/2005,1.4458
5/26/2005,1.4483
5/25/2005,1.4285
5/24/2005,1.387
5/23/2005,1.3665
5/20/2005,1.3673
5/19/2005,1.3805
5/18/2005,1.3582
5/17/2005,1.374
5/16/2005,1.3502
5/13/2005,1.3702
5/12/2005,1.3795
5/11/2005,1.403
5/10/2005,1.4495
5/9/2005,1.4403
5/6/2005,1.431
5/5/2005,1.4438
5/4/2005,1.4545
5/3/2005,1.436
5/2/2005,1.4632
4/29/2005,1.4358
4/28/2005,1.4888
4/27/2005,1.474
4/26/2005,1.5077
4/25/2005,1.518
4/22/2005,1.545
4/21/2005,1.534
4/20/2005,1.5088
4/19/2005,1.493
4/18/2005,1.4423
4/15/2005,1.4598
4/14/2005,1.4823
4/13/2005,1.442
4/12/2005,1.4652
4/11/2005,1.487
4/8/2005,1.4972
4/7/2005,1.5283
4/6/2005,1.5868
4/5/2005,1.6213
4/4/2005,1.6423
4/1/2005,1.6638
3/31/2005,1.6575
3/30/2005,1.6065
3/29/2005,1.5562
3/28/2005,1.5475
3/24/2005,1.5485
3/23/2005,1.5335
3/22/2005,1.5465
3/21/2005,1.5735
3/18/2005,1.5717
3/17/2005,1.5915
3/16/2005,1.5915
3/15/2005,1.552
3/14/2005,1.536
3/11/2005,1.5428
3/10/2005,1.509
3/9/2005,1.5325
3/8/2005,1.5237
3/7/2005,1.485
3/4/2005,1.4835
3/3/2005,1.4908
3/2/2005,1.5085
3/1/2005,1.4652
2/28/2005,1.4912
2/25/2005,1.454
2/24/2005,1.465
2/23/2005,1.483
2/22/2005,1.44
2/18/2005,1.3493
2/17/2005,1.3128
2/16/2005,1.342
2/15/2005,1.2915
2/14/2005,1.2945
2/11/2005,1.3057
2/10/2005,1.3213
2/9/2005,1.2643
2/8/2005,1.246
2/7/2005,1.2305
2/4/2005,1.2743
2/3/2005,1.2765
2/2/2005,1.297
2/1/2005,1.314
1/31/2005,1.3308
1/28/2005,1.338
1/27/2005,1.397
1/26/2005,1.4033
1/25/2005,1.4247
1/24/2005,1.4033
1/21/2005,1.3838
1/20/2005,1.3398
1/19/2005,1.3428
1/18/2005,1.344
1/14/2005,1.351
1/13/2005,1.341
1/12/2005,1.3005
1/11/2005,1.2935
1/10/2005,1.2763
1/7/2005,1.2733
1/6/2005,1.2813
1/5/2005,1.2183
1/4/2005,1.2465
1/3/2005,1.1923
12/30/2004,1.2295
12/29/2004,1.2775
12/28/2004,1.222
12/27/2004,1.2108
12/23/2004,1.326
12/22/2004,1.3585
12/21/2004,1.3995
12/20/2004,1.3987
12/17/2004,1.4395
12/16/2004,1.3813
12/15/2004,1.3885
12/14/2004,1.3045
12/13/2004,1.257
12/10/2004,1.2257
12/9/2004,1.3002
12/8/2004,1.2597
12/7/2004,1.2235
12/6/2004,1.2497
12/3/2004,1.236
12/2/2004,1.2573
12/1/2004,1.3293
11/30/2004,1.3927
11/29/2004,1.4435
11/24/2004,1.4515
11/23/2004,1.4458
11/22/2004,1.445
11/19/2004,1.4825
11/18/2004,1.43
11/17/2004,1.4115
11/16/2004,1.327
11/15/2004,1.343
11/12/2004,1.3635
11/11/2004,1.3638
11/10/2004,1.403
11/9/2004,1.342
11/8/2004,1.3665
11/5/2004,1.374
11/4/2004,1.372
11/3/2004,1.4238
11/2/2004,1.3923
11/1/2004,1.4075
10/29/2004,1.4463
10/28/2004,1.4532
10/27/2004,1.4955
10/26/2004,1.568
10/25/2004,1.5653
10/22/2004,1.5945
10/21/2004,1.5795
10/20/2004,1.5605
10/19/2004,1.5085
10/18/2004,1.5097
10/15/2004,1.549
10/14/2004,1.549
10/12/2004,1.4545
10/11/2004,1.4708
10/8/2004,1.454
10/7/2004,1.431
10/6/2004,1.4207
10/5/2004,1.4067
10/4/2004,1.3855
10/1/2004,1.3958
9/30/2004,1.3918
9/29/2004,1.3738
9/28/2004,1.3778
9/27/2004,1.368
9/24/2004,1.3578
9/23/2004,1.353
9/22/2004,1.3445
9/21/2004,1.303
9/20/2004,1.266
9/17/2004,1.264
9/16/2004,1.2332
9/15/2004,1.2063
9/14/2004,1.2275
9/13/2004,1.2052
9/10/2004,1.1643
9/9/2004,1.228
9/8/2004,1.161
9/7/2004,1.1635
9/3/2004,1.177
9/2/2004,1.184
9/1/2004,1.1825
8/31/2004,1.1105
8/30/2004,1.1195
8/27/2004,1.1455
8/26/2004,1.14
8/25/2004,1.1433
8/24/2004,1.1932
8/23/2004,1.2148
8/20/2004,1.2295
8/19/2004,1.2655
8/18/2004,1.225
8/17/2004,1.222
8/16/2004,1.2028
8/13/2004,1.2145
8/12/2004,1.191
8/11/2004,1.1705
8/10/2004,1.1698
8/9/2004,1.1855
8/6/2004,1.1745
8/5/2004,1.193
8/4/2004,1.1555
8/3/2004,1.1815
8/2/2004,1.164
7/30/2004,1.1567
7/29/2004,1.1327
7/28/2004,1.1443
7/27/2004,1.1225
7/26/2004,1.1133
7/23/2004,1.1318
7/22/2004,1.118
7/21/2004,1.0825
7/20/2004,1.077
7/19/2004,1.1055
7/16/2004,1.096
7/15/2004,1.0985
7/14/2004,1.0918
7/13/2004,1.0618
7/12/2004,1.0605
7/9/2004,1.081
7/8/2004,1.102
7/7/2004,1.079
7/6/2004,1.093
7/2/2004,1.0728
7/1/2004,1.0802
6/30/2004,1.0055
6/29/2004,0.9633
6/28/2004,0.975
6/25/2004,1.0108
6/24/2004,1.0228
6/23/2004,0.9998
6/22/2004,1.017
6/21/2004,0.9933
6/18/2004,1.0253
6/17/2004,1.0308
6/16/2004,0.986
6/15/2004,0.9775
6/14/2004,0.9823
6/10/2004,1.004
6/9/2004,0.9808
6/8/2004,0.961
6/7/2004,0.9893
6/4/2004,0.9823
6/3/2004,0.9953
6/2/2004,1.0115
6/1/2004,1.0642
5/28/2004,0.9993
5/27/2004,0.9878
5/26/2004,1.0195
5/25/2004,1.0273
5/24/2004,1.0485
5/21/2004,0.996
5/20/2004,1.027
5/19/2004,1.0485
5/18/2004,1.0135
5/17/2004,1.0428
5/14/2004,1.041
5/13/2004,1.0488
5/12/2004,1.0393
5/11/2004,1.0157
5/10/2004,0.9795
5/7/2004,1.0165
5/6/2004,1.0045
5/5/2004,0.9978
5/4/2004,0.988
5/3/2004,0.968
4/30/2004,0.9535
4/29/2004,0.9495
4/28/2004,0.9433
4/27/2004,0.942
4/26/2004,0.9328
4/23/2004,0.917
4/22/2004,0.941
4/21/2004,0.9093
4/20/2004,0.931
4/19/2004,0.9428
4/16/2004,0.9603
4/15/2004,0.9655
4/14/2004,0.9368
4/13/2004,0.9298
4/12/2004,0.9425
4/8/2004,0.9255
4/7/2004,0.906
4/6/2004,0.876
4/5/2004,0.8538
4/2/2004,0.8553
4/1/2004,0.8472
3/31/2004,0.8865
3/30/2004,0.9073
3/29/2004,0.8848
3/26/2004,0.892
3/25/2004,0.889
3/24/2004,0.9208
3/23/2004,0.9333
3/22/2004,0.9137
3/19/2004,0.9388
3/18/2004,0.9463
3/17/2004,0.9585
3/16/2004,0.9147
3/15/2004,0.917
3/12/2004,0.879
3/11/2004,0.8903
3/10/2004,0.8793
3/9/2004,0.8925
3/8/2004,0.899
3/5/2004,0.9253
3/4/2004,0.923
3/3/2004,0.8985
3/2/2004,0.9345
3/1/2004,0.948
2/27/2004,0.961
2/26/2004,0.9433
2/25/2004,0.934
2/24/2004,0.8898
2/23/2004,0.885
2/20/2004,0.8865
2/19/2004,0.9245
2/18/2004,0.9335
2/17/2004,0.9403
2/13/2004,0.9428
2/12/2004,0.919
2/11/2004,0.9113
2/10/2004,0.898
2/9/2004,0.8795
2/6/2004,0.8645
2/5/2004,0.8823
2/4/2004,0.8898
2/3/2004,0.9143
2/2/2004,0.9448
1/30/2004,0.9315
1/29/2004,0.9445
1/28/2004,0.9725
1/27/2004,0.9925
1/26/2004,0.9933
1/23/2004,1.0255
1/22/2004,1.0385
1/21/2004,1.0293
1/20/2004,1.019
1/16/2004,0.9805
1/15/2004,0.93
1/14/2004,0.9675
1/13/2004,0.9893
1/12/2004,1.0077
1/9/2004,1.0095
1/8/2004,0.984
1/7/2004,0.966
1/6/2004,0.9775
1/5/2004,0.9685
12/31/2003,0.9127
12/30/2003,0.9295
12/29/2003,0.9013
12/24/2003,0.9107
12/23/2003,0.892
12/22/2003,0.8943
12/19/2003,0.938
12/18/2003,0.9643
12/17/2003,0.9418
12/16/2003,0.9185
12/15/2003,0.9205
12/12/2003,0.9255
12/11/2003,0.8848
12/10/2003,0.8885
12/9/2003,0.8865
12/8/2003,0.9055
12/5/2003,0.8635
12/4/2003,0.882
12/3/2003,0.8663
12/2/2003,0.8625
12/1/2003,0.834
11/26/2003,0.8349
11/25/2003,0.8188
11/24/2003,0.8203
11/21/2003,0.8686
11/20/2003,0.8741
11/19/2003,0.8876
11/18/2003,0.8992
11/17/2003,0.8594
11/14/2003,0.8797
11/13/2003,0.8645
11/12/2003,0.8469
11/11/2003,0.8441
11/10/2003,0.8322
11/7/2003,0.8358
11/6/2003,0.8222
11/5/2003,0.8263
11/4/2003,0.7786
11/3/2003,0.7855
10/31/2003,0.7858
10/30/2003,0.7728
10/29/2003,0.7879
10/28/2003,0.7997
10/27/2003,0.8086
10/24/2003,0.8211
10/23/2003,0.8288
10/22/2003,0.816
10/21/2003,0.8259
10/20/2003,0.8234
10/17/2003,0.8314
10/16/2003,0.8626
10/15/2003,0.8688
10/14/2003,0.8728
10/13/2003,0.8724
10/10/2003,0.882
10/9/2003,0.8542
10/8/2003,0.812
10/7/2003,0.8191
10/6/2003,0.8124
10/3/2003,0.8179
10/2/2003,0.8083
10/1/2003,0.7985
9/30/2003,0.7778
9/29/2003,0.756
9/26/2003,0.7485
9/25/2003,0.7411
9/24/2003,0.7452
9/23/2003,0.7083
9/22/2003,0.7019
9/19/2003,0.6989
9/18/2003,0.7074
9/17/2003,0.7115
9/16/2003,0.7348
9/15/2003,0.747
9/12/2003,0.7477
9/11/2003,0.7555
9/10/2003,0.7718
9/9/2003,0.7677
9/8/2003,0.7586
9/5/2003,0.7599
9/4/2003,0.7652
9/3/2003,0.7754
9/2/2003,0.7709
8/29/2003,0.8187
8/28/2003,0.8088
8/27/2003,0.8067
8/26/2003,0.8284
8/25/2003,0.824
8/22/2003,0.83
8/21/2003,0.833
8/20/2003,0.8024
8/19/2003,0.7918
8/18/2003,0.7949
8/15/2003,0.8051
8/14/2003,0.8138
8/13/2003,0.807
8/12/2003,0.8341
8/11/2003,0.8354
8/8/2003,0.8433
8/7/2003,0.8545
8/6/2003,0.834
8/5/2003,0.8463
8/4/2003,0.8347
8/1/2003,0.8512
7/31/2003,0.7933
7/30/2003,0.7966
7/29/2003,0.7779
7/28/2003,0.7738
7/25/2003,0.7769
7/24/2003,0.7773
7/23/2003,0.765
7/22/2003,0.7564
7/21/2003,0.7958
7/18/2003,0.8012
7/17/2003,0.7968
7/16/2003,0.7891
7/15/2003,0.8133
7/14/2003,0.8062
7/11/2003,0.8065
7/10/2003,0.8046
7/9/2003,0.8047
7/8/2003,0.7791
7/7/2003,0.7748
7/3/2003,0.7808
7/2/2003,0.7833
7/1/2003,0.7902
6/30/2003,0.7808
6/27/2003,0.7595
6/26/2003,0.7488
6/25/2003,0.7791
6/24/2003,0.7447
6/23/2003,0.7504
6/20/2003,0.7567
6/19/2003,0.734
6/18/2003,0.7448
6/17/2003,0.7519
6/16/2003,0.7439
6/13/2003,0.7422
6/12/2003,0.7642
6/11/2003,0.791
6/10/2003,0.7874
6/9/2003,0.779
6/6/2003,0.7818
6/5/2003,0.7723
6/4/2003,0.7522
6/3/2003,0.7652
6/2/2003,0.7659
5/30/2003,0.7542
5/29/2003,0.7465
5/28/2003,0.7296
5/27/2003,0.746
5/23/2003,0.744
5/22/2003,0.7437
5/21/2003,0.7475
5/20/2003,0.7331
5/19/2003,0.7292
5/16/2003,0.7556
5/15/2003,0.7504
5/14/2003,0.7641
5/13/2003,0.7418
5/12/2003,0.7082
5/9/2003,0.7189
5/8/2003,0.7097
5/7/2003,0.6893
5/6/2003,0.6778
5/5/2003,0.7051
5/2/2003,0.6792
5/1/2003,0.691
4/30/2003,0.7614
4/29/2003,0.7304
4/28/2003,0.7314
4/25/2003,0.766
4/24/2003,0.773
4/23/2003,0.7507
4/22/2003,0.7786
4/21/2003,0.8008
4/17/2003,0.7736
4/16/2003,0.7649
4/15/2003,0.7726
4/14/2003,0.7475
4/11/2003,0.7245
4/10/2003,0.7161
4/9/2003,0.7429
4/8/2003,0.718
4/7/2003,0.7164
4/4/2003,0.726
4/3/2003,0.7317
4/2/2003,0.7186
4/1/2003,0.7409
3/31/2003,0.7924
3/28/2003,0.8325
3/27/2003,0.8115
3/26/2003,0.7441
3/25/2003,0.7349
3/24/2003,0.7837
3/21/2003,0.7556
3/20/2003,0.8244
3/19/2003,0.8361
3/18/2003,0.8578
3/17/2003,0.9157
3/14/2003,0.9407
3/13/2003,0.9671
3/12/2003,1.0352
3/11/2003,1.0302
3/10/2003,1.0857
3/7/2003,1.1085
3/6/2003,1.0556
3/5/2003,1.0439
3/4/2003,1.0486
3/3/2003,1.036
2/28/2003,1.2559
2/27/2003,1.1543
2/26/2003,1.1549
2/25/2003,1.1226
2/24/2003,1.1467
2/21/2003,1.1085
2/20/2003,1.0587
2/19/2003,1.0993
2/18/2003,1.0654
2/14/2003,1.0607
2/13/2003,1.0528
2/12/2003,1.0305
2/11/2003,1.0576
2/10/2003,1.0443
2/7/2003,1.0957
2/6/2003,1.0271
2/5/2003,0.994
2/4/2003,0.9619
2/3/2003,0.9181
1/31/2003,0.9588
1/30/2003,0.9805
1/29/2003,0.9713
1/28/2003,0.9304
1/27/2003,0.9343
1/24/2003,0.9502
1/23/2003,0.9153
1/22/2003,0.9119
1/21/2003,0.8947
1/17/2003,0.8986
1/16/2003,0.8967
1/15/2003,0.9086
1/14/2003,0.8916
1/13/2003,0.8838
1/10/2003,0.8653
1/9/2003,0.875
1/8/2003,0.8321
1/7/2003,0.8488
1/6/2003,0.8879
1/3/2003,0.9182
1/2/2003,0.8809
12/31/2002,0.8655
12/30/2002,0.8674
12/27/2002,0.9079
12/26/2002,0.9091
12/24/2002,0.9049
12/23/2002,0.8962
12/20/2002,0.8595
12/19/2002,0.8606
12/18/2002,0.8553
12/17/2002,0.8395
12/16/2002,0.8564
12/13/2002,0.8156
12/12/2002,0.7925
12/11/2002,0.7687
12/10/2002,0.7719
12/9/2002,0.7582
12/6/2002,0.7473
12/5/2002,0.7562
12/4/2002,0.7454
12/3/2002,0.775
12/2/2002,0.7739
11/27/2002,0.7571
11/26/2002,0.7575
11/25/2002,0.7504
11/22/2002,0.7664
11/21/2002,0.7493
11/20/2002,0.7451
11/19/2002,0.7217
11/18/2002,0.7228
11/15/2002,0.6885
11/14/2002,0.6769
11/13/2002,0.6725
11/12/2002,0.6901
11/11/2002,0.6885
11/8/2002,0.6888
11/7/2002,0.6962
11/6/2002,0.7079
11/5/2002,0.718
11/4/2002,0.7333
11/1/2002,0.7416
10/31/2002,0.7438
10/30/2002,0.7277
10/29/2002,0.7155
10/28/2002,0.7308
10/25/2002,0.7276
10/24/2002,0.7597
10/23/2002,0.7567
10/22/2002,0.7578
10/21/2002,0.7629
10/18/2002,0.8035
10/17/2002,0.8077
10/16/2002,0.7996
10/15/2002,0.7998
10/14/2002,0.8089
10/11/2002,0.7897
10/10/2002,0.783
10/9/2002,0.7942
10/8/2002,0.7905
10/7/2002,0.7916
10/4/2002,0.7919
10/3/2002,0.7943
10/2/2002,0.8135
10/1/2002,0.8204
9/30/2002,0.8018
9/27/2002,0.8038
9/26/2002,0.804
9/25/2002,0.8063
9/24/2002,0.807
9/23/2002,0.8057
9/20/2002,0.787
9/19/2002,0.7881
9/18/2002,0.7891
9/17/2002,0.7723
9/16/2002,0.7837
9/13/2002,0.7867
9/12/2002,0.7658
9/11/2002,0.7897
9/10/2002,0.7927
9/9/2002,0.7862
9/6/2002,0.7839
9/5/2002,0.7731
9/4/2002,0.7503
9/3/2002,0.7281
8/30/2002,0.7482
8/29/2002,0.7539
8/28/2002,0.7445
8/27/2002,0.7501
8/26/2002,0.7511
8/23/2002,0.739
8/22/2002,0.7482
8/21/2002,0.7542
8/20/2002,0.738
8/19/2002,0.7339
8/16/2002,0.7345
8/15/2002,0.7278
8/14/2002,0.7014
8/13/2002,0.6942
8/12/2002,0.6946
8/9/2002,0.6718
8/8/2002,0.6724
8/7/2002,0.6661
8/6/2002,0.6778
8/5/2002,0.6664
8/2/2002,0.6766
8/1/2002,0.672
7/31/2002,0.6764
7/30/2002,0.6887
7/29/2002,0.666
7/26/2002,0.6675
7/25/2002,0.6741
7/24/2002,0.676
7/23/2002,0.6585
7/22/2002,0.6711
7/19/2002,0.7014
7/18/2002,0.7018
7/17/2002,0.7098
7/16/2002,0.7109
7/15/2002,0.6955
7/12/2002,0.7054
7/11/2002,0.6901
7/10/2002,0.6867
7/9/2002,0.6705
7/8/2002,0.668
7/3/2002,0.6877
7/2/2002,0.6871
7/1/2002,0.6802
6/28/2002,0.6796
6/27/2002,0.6729
6/26/2002,0.6663
6/25/2002,0.6589
6/24/2002,0.6664
6/21/2002,0.6489
6/20/2002,0.6603
6/19/2002,0.6524
6/18/2002,0.6549
6/17/2002,0.6649
6/14/2002,0.664
6/13/2002,0.6603
6/12/2002,0.6307
6/11/2002,0.6186
6/10/2002,0.6233
6/7/2002,0.6317
6/6/2002,0.6348
6/5/2002,0.636
6/4/2002,0.6428
6/3/2002,0.635
5/31/2002,0.6297
5/30/2002,0.6215
5/29/2002,0.6531
5/28/2002,0.6399
5/24/2002,0.6595
5/23/2002,0.665
5/22/2002,0.6695
5/21/2002,0.6677
5/20/2002,0.6899
5/17/2002,0.686
5/16/2002,0.6816
5/15/2002,0.6779
5/14/2002,0.7168
5/13/2002,0.6945
5/10/2002,0.6892
5/9/2002,0.6779
5/8/2002,0.674
5/7/2002,0.6586
5/6/2002,0.6498
5/3/2002,0.6653
5/2/2002,0.6607
5/1/2002,0.6742
4/30/2002,0.689
4/29/2002,0.692
4/26/2002,0.679
4/25/2002,0.672
4/24/2002,0.6612
4/23/2002,0.6653
4/22/2002,0.6581
4/19/2002,0.6591
4/18/2002,0.6558
4/17/2002,0.654
4/16/2002,0.6378
4/15/2002,0.6334
4/12/2002,0.6005
4/11/2002,0.6471
4/10/2002,0.6784
4/9/2002,0.678
4/8/2002,0.693
4/5/2002,0.6822
4/4/2002,0.6866
4/3/2002,0.7083
4/2/2002,0.7095
4/1/2002,0.6869
3/28/2002,0.6689
3/27/2002,0.6672
3/26/2002,0.6568
3/25/2002,0.6416
3/22/2002,0.6527
3/21/2002,0.6714
3/20/2002,0.6657
3/19/2002,0.6612
3/18/2002,0.6648
3/15/2002,0.6476
3/14/2002,0.657
3/13/2002,0.6482
3/12/2002,0.6349
3/11/2002,0.6345
3/8/2002,0.6194
3/7/2002,0.6189
3/6/2002,0.5993
3/5/2002,0.6014
3/4/2002,0.5845
3/1/2002,0.5887
2/28/2002,0.5628
2/27/2002,0.5539
2/26/2002,0.5518
2/25/2002,0.5251
2/22/2002,0.5461
2/21/2002,0.5494
2/20/2002,0.5309
2/19/2002,0.544
2/15/2002,0.5589
2/14/2002,0.5562
2/13/2002,0.554
2/12/2002,0.546
2/11/2002,0.5619
2/8/2002,0.5334
2/7/2002,0.5194
2/6/2002,0.5279
2/5/2002,0.5369
2/4/2002,0.5381
2/1/2002,0.5531
1/31/2002,0.5229
1/30/2002,0.5091
1/29/2002,0.5205
1/28/2002,0.5313
1/25/2002,0.5373
1/24/2002,0.5339
1/23/2002,0.5253
1/22/2002,0.5141
1/18/2002,0.5141
1/17/2002,0.5145
1/16/2002,0.5321
1/15/2002,0.5207
1/14/2002,0.5166
1/11/2002,0.5394
1/10/2002,0.5533
1/9/2002,0.5379
1/8/2002,0.5682
1/7/2002,0.5719
1/4/2002,0.5859
1/3/2002,0.56
1/2/2002,0.5786
12/31/2001,0.5507
12/28/2001,0.5665
12/27/2001,0.5815
12/26/2001,0.5946
12/21/2001,0.5484
12/20/2001,0.5449
12/19/2001,0.5613
12/18/2001,0.5469
12/17/2001,0.5381
12/14/2001,0.5425
12/13/2001,0.5104
12/12/2001,0.5058
12/11/2001,0.4999
12/10/2001,0.5066
12/7/2001,0.5168
12/6/2001,0.5066
12/5/2001,0.5314
12/4/2001,0.5418
12/3/2001,0.5577
11/30/2001,0.5323
11/29/2001,0.5194
11/28/2001,0.5309
11/27/2001,0.5394
11/26/2001,0.5217
11/21/2001,0.5342
11/20/2001,0.5376
11/19/2001,0.5238
11/16/2001,0.5218
11/15/2001,0.5109
11/14/2001,0.5612
11/13/2001,0.6093
11/12/2001,0.601
11/9/2001,0.6268
11/8/2001,0.6072
11/7/2001,0.5718
11/6/2001,0.5713
11/5/2001,0.5756
11/2/2001,0.5826
11/1/2001,0.5887
10/31/2001,0.5979
10/30/2001,0.62
10/29/2001,0.6244
10/26/2001,0.6236
10/25/2001,0.6324
10/24/2001,0.6392
10/23/2001,0.6211
10/22/2001,0.6262
10/19/2001,0.6263
10/18/2001,0.6109
10/17/2001,0.621
10/16/2001,0.6267
10/15/2001,0.6311
10/12/2001,0.6384
10/11/2001,0.6676
10/10/2001,0.6463
10/9/2001,0.6468
10/8/2001,0.6447
10/5/2001,0.6402
10/4/2001,0.6527
10/3/2001,0.6395
10/2/2001,0.6466
10/1/2001,0.6599
9/28/2001,0.6635
9/27/2001,0.6492
9/26/2001,0.6479
9/25/2001,0.6176
9/24/2001,0.6106
9/21/2001,0.7087
9/20/2001,0.7214
9/19/2001,0.719
9/18/2001,0.7443
9/17/2001,0.807
9/14/2001,0.8327
9/10/2001,0.7961
9/7/2001,0.8028
9/6/2001,0.7832
9/5/2001,0.7671
9/4/2001,0.7611
8/31/2001,0.7663
8/30/2001,0.7525
8/29/2001,0.7657
8/28/2001,0.7748
8/27/2001,0.7501
8/24/2001,0.746
8/23/2001,0.7372
8/22/2001,0.7282
8/21/2001,0.7299
8/20/2001,0.7135
8/17/2001,0.7051
8/16/2001,0.7415
8/15/2001,0.7452
8/14/2001,0.7502
8/13/2001,0.7419
8/10/2001,0.7439
8/9/2001,0.7364
8/8/2001,0.7306
8/7/2001,0.7343
8/6/2001,0.7256
8/3/2001,0.7262
8/2/2001,0.7325
8/1/2001,0.7043
7/31/2001,0.6973
7/30/2001,0.7059
7/27/2001,0.7131
7/26/2001,0.7189
7/25/2001,0.7087
7/24/2001,0.6877
7/23/2001,0.6839
7/20/2001,0.6811
7/19/2001,0.668
7/18/2001,0.6725
7/17/2001,0.6869
7/16/2001,0.6881
7/13/2001,0.6874
7/12/2001,0.7067
7/11/2001,0.7059
7/10/2001,0.7233
7/9/2001,0.7279
7/6/2001,0.7378
7/5/2001,0.7239
7/3/2001,0.716
7/2/2001,0.7108
6/29/2001,0.709
6/28/2001,0.6994
6/27/2001,0.6994
6/26/2001,0.7319
6/25/2001,0.7389
6/22/2001,0.7339
6/21/2001,0.7424
6/20/2001,0.7415
6/19/2001,0.7744
6/18/2001,0.771
6/15/2001,0.8045
6/14/2001,0.8328
6/13/2001,0.8014
6/12/2001,0.8017
6/11/2001,0.7827
6/8/2001,0.7665
6/7/2001,0.7592
6/6/2001,0.7664
6/5/2001,0.7695
6/4/2001,0.7592
6/1/2001,0.7592
5/31/2001,0.7795
5/30/2001,0.776
5/29/2001,0.7747
5/25/2001,0.7818
5/24/2001,0.7941
5/23/2001,0.8153
5/22/2001,0.8089
5/21/2001,0.8122
5/18/2001,0.8044
5/17/2001,0.7839
5/16/2001,0.7752
5/15/2001,0.7663
5/14/2001,0.7525
5/11/2001,0.7605
5/10/2001,0.7682
5/9/2001,0.7677
5/8/2001,0.7489
5/7/2001,0.7472
5/4/2001,0.7657
5/3/2001,0.7658
5/2/2001,0.7436
5/1/2001,0.7647
4/30/2001,0.7434
4/27/2001,0.7574
4/26/2001,0.7762
4/25/2001,0.753
4/24/2001,0.7374
4/23/2001,0.7515
4/20/2001,0.77
4/19/2001,0.7846
4/18/2001,0.7819
4/17/2001,0.8012
4/16/2001,0.8187
4/12/2001,0.7805
4/11/2001,0.7959
4/10/2001,0.7914
4/9/2001,0.7358
4/6/2001,0.7283
4/5/2001,0.7365
4/4/2001,0.7266
4/3/2001,0.6956
4/2/2001,0.6743
3/30/2001,0.7567
3/29/2001,0.7779
3/28/2001,0.7507
3/27/2001,0.7794
3/26/2001,0.761
3/23/2001,0.766
3/22/2001,0.7263
3/21/2001,0.7161
3/20/2001,0.6849
3/19/2001,0.6782
3/16/2001,0.7038
3/15/2001,0.7065
3/14/2001,0.7039
3/13/2001,0.729
3/12/2001,0.7316
3/9/2001,0.7291
3/8/2001,0.733
3/7/2001,0.7414
3/6/2001,0.7306
3/5/2001,0.7408
3/2/2001,0.7252
3/1/2001,0.7161
2/28/2001,0.7334
2/27/2001,0.747
2/26/2001,0.747
2/23/2001,0.7423
2/22/2001,0.7362
2/21/2001,0.7411
2/20/2001,0.7487
2/16/2001,0.7601
2/15/2001,0.7569
2/14/2001,0.7711
2/13/2001,0.7881
2/12/2001,0.8008
2/9/2001,0.8224
2/8/2001,0.8418
2/7/2001,0.8274
2/6/2001,0.8092
2/5/2001,0.8111
2/2/2001,0.8214
2/1/2001,0.7784
1/31/2001,0.7863
1/30/2001,0.8003
1/29/2001,0.812
1/26/2001,0.8456
1/25/2001,0.8301
1/24/2001,0.8222
1/23/2001,0.8622
1/22/2001,0.879
1/19/2001,0.8793
1/18/2001,0.8415
1/17/2001,0.8152
1/16/2001,0.8411
1/12/2001,0.8421
1/11/2001,0.8401
1/10/2001,0.8499
1/9/2001,0.8062
1/8/2001,0.8258
1/5/2001,0.8613
1/4/2001,0.8612
1/3/2001,0.8598
1/2/2001,0.8658
12/29/2000,0.9066
12/28/2000,0.8946
12/27/2000,0.9371
12/26/2000,0.935
12/22/2000,0.878
12/21/2000,0.8619
12/20/2000,0.8566
12/19/2000,0.916
12/18/2000,0.9221
12/15/2000,0.9166
12/14/2000,0.8889
12/13/2000,0.9097
12/12/2000,0.9612
12/11/2000,0.9827
12/8/2000,0.9442
12/7/2000,0.9929
12/6/2000,1.0118
12/5/2000,0.9766
12/4/2000,1.0084
12/1/2000,0.9708
11/30/2000,1.0534
11/29/2000,1.0318
11/28/2000,1.0237
11/27/2000,1.0852
11/22/2000,1.0944
11/21/2000,1.0941
11/20/2000,1.0962
11/17/2000,1.0788
11/16/2000,1.054
11/15/2000,1.0771
11/14/2000,1.0541
11/13/2000,1.0163
11/10/2000,1.0075
11/9/2000,1.0159
11/8/2000,0.9593
11/7/2000,0.9493
11/6/2000,0.9169
11/3/2000,0.9217
11/2/2000,0.9318
11/1/2000,0.9409
10/31/2000,0.941
10/30/2000,0.9633
10/27/2000,0.9742
10/26/2000,0.9874
10/25/2000,0.9772
10/24/2000,0.9944
10/23/2000,0.999
10/20/2000,0.9711
10/19/2000,0.9518
10/18/2000,0.9659
10/17/2000,0.9602
10/16/2000,0.9723
10/13/2000,1.0161
10/12/2000,1.0773
10/11/2000,1.0178
10/10/2000,0.9971
10/9/2000,0.9549
10/6/2000,0.9294
10/5/2000,0.9272
10/4/2000,0.9634
10/3/2000,0.9635
10/2/2000,0.9605
9/29/2000,0.924
9/28/2000,0.9106
9/27/2000,0.948
9/26/2000,0.9299
9/25/2000,0.9407
9/22/2000,0.9548
9/21/2000,0.9989
9/20/2000,1.0179
9/19/2000,1.0191
9/18/2000,1.0415
9/15/2000,1.0329
9/14/2000,1.0072
9/13/2000,1.0107
9/12/2000,1.0468
9/11/2000,1.0498
9/8/2000,0.9949
9/7/2000,1.0286
9/6/2000,0.9966
9/5/2000,0.9797
9/1/2000,0.9764
8/31/2000,0.9842
8/30/2000,0.9925
8/29/2000,0.9859
8/28/2000,0.9988
8/25/2000,0.9694
8/24/2000,0.9533
8/23/2000,0.9561
8/22/2000,0.9035
8/21/2000,0.9232
8/18/2000,0.8991
8/17/2000,0.8873
8/16/2000,0.8688
8/15/2000,0.8651
8/14/2000,0.8734
8/11/2000,0.8582
8/10/2000,0.8628
8/9/2000,0.8354
8/8/2000,0.7983
8/7/2000,0.7821
8/4/2000,0.8185
8/3/2000,0.7946
8/2/2000,0.7826
8/1/2000,0.7684
7/31/2000,0.7793
7/28/2000,0.7677
7/27/2000,0.7656
7/26/2000,0.7585
7/25/2000,0.7556
7/24/2000,0.7535
7/21/2000,0.764
7/20/2000,0.7927
7/19/2000,0.801
7/18/2000,0.8055
7/17/2000,0.7926
7/14/2000,0.809
7/13/2000,0.8161
7/12/2000,0.7945
7/11/2000,0.7897
7/10/2000,0.7793
7/7/2000,0.789
7/6/2000,0.7838
7/5/2000,0.7964
6/30/2000,0.8414
6/29/2000,0.8447
6/28/2000,0.8159
6/27/2000,0.8188
6/26/2000,0.8008
6/23/2000,0.8064
6/22/2000,0.8143
6/21/2000,0.7858
6/20/2000,0.7613
6/19/2000,0.7356
6/16/2000,0.7424
6/15/2000,0.7744
6/14/2000,0.7856
6/13/2000,0.7851
6/12/2000,0.7787
6/9/2000,0.7423
6/8/2000,0.7417
6/7/2000,0.7491
6/6/2000,0.7534
6/5/2000,0.7467
6/2/2000,0.7561
6/1/2000,0.7615
5/31/2000,0.7398
5/30/2000,0.7648
5/26/2000,0.7639
5/25/2000,0.7909
5/24/2000,0.7851
5/23/2000,0.7536
5/22/2000,0.7612
5/19/2000,0.7888
5/18/2000,0.7987
5/17/2000,0.7736
5/16/2000,0.7684
5/15/2000,0.7725
5/12/2000,0.7683
5/11/2000,0.7731
5/10/2000,0.7328
5/9/2000,0.7138
5/8/2000,0.6958
5/5/2000,0.6731
5/4/2000,0.682
5/3/2000,0.6773
5/2/2000,0.6947
5/1/2000,0.6744
4/28/2000,0.7318
4/27/2000,0.7505
4/26/2000,0.7586
4/25/2000,0.7505
4/24/2000,0.7529
4/20/2000,0.7572
4/19/2000,0.7685
4/18/2000,0.7078
4/17/2000,0.6947
4/14/2000,0.664
4/13/2000,0.6765
4/12/2000,0.6732
4/11/2000,0.6356
4/10/2000,0.6316
4/7/2000,0.6479
4/6/2000,0.66
4/5/2000,0.6615
4/4/2000,0.6436
4/3/2000,0.6726
3/31/2000,0.7833
3/30/2000,0.7348
3/29/2000,0.7251
3/28/2000,0.7416
3/27/2000,0.7373
3/24/2000,0.7487
3/23/2000,0.7121
3/22/2000,0.6967
3/21/2000,0.6876
3/20/2000,0.6808
3/17/2000,0.7172
3/16/2000,0.7203
3/15/2000,0.7171
3/14/2000,0.7368
3/13/2000,0.7545
3/10/2000,0.7454
3/9/2000,0.7646
3/8/2000,0.7531
3/7/2000,0.8238
3/6/2000,0.7945
3/3/2000,0.7889
3/2/2000,0.7946
3/1/2000,0.7967
2/29/2000,0.8246
2/28/2000,0.8167
2/25/2000,0.8288
2/24/2000,0.7802
2/23/2000,0.7613
2/22/2000,0.7491
2/18/2000,0.7545
2/17/2000,0.7506
2/16/2000,0.7621
2/15/2000,0.752
2/14/2000,0.757
2/11/2000,0.7424
2/10/2000,0.7446
2/9/2000,0.746
2/8/2000,0.7284
2/7/2000,0.7581
2/4/2000,0.7878
2/3/2000,0.779
2/2/2000,0.7553
2/1/2000,0.7719
1/31/2000,0.952
1/28/2000,0.9251
1/27/2000,0.9117
1/26/2000,0.9213
1/25/2000,0.9038
1/24/2000,0.8635
1/21/2000,0.935
1/20/2000,0.8646
1/19/2000,0.8003
1/18/2000,0.7704
1/14/2000,0.7381
1/13/2000,0.6928
1/12/2000,0.6847
1/11/2000,0.6675
1/10/2000,0.6472
1/7/2000,0.6475
1/6/2000,0.6628
1/5/2000,0.6655
1/4/2000,0.6778
12/30/1999,0.6903
12/29/1999,0.704
12/28/1999,0.7079
12/27/1999,0.6975
12/23/1999,0.6851
12/22/1999,0.6797
12/21/1999,0.6914
12/20/1999,0.6944
12/17/1999,0.691
12/16/1999,0.6875
12/15/1999,0.673
12/14/1999,0.6596
12/13/1999,0.6462
12/10/1999,0.6316
12/9/1999,0.65
12/8/1999,0.6652
12/7/1999,0.657
12/6/1999,0.6723
12/3/1999,0.66
12/2/1999,0.6624
12/1/1999,0.6413
11/30/1999,0.6417
11/29/1999,0.6713
11/24/1999,0.6984
11/23/1999,0.6811
11/22/1999,0.6943
11/19/1999,0.6805
11/18/1999,0.6651
11/17/1999,0.6873
11/16/1999,0.6721
11/15/1999,0.6654
11/12/1999,0.6622
11/11/1999,0.6439
11/10/1999,0.6471
11/9/1999,0.627
11/8/1999,0.6123
11/5/1999,0.6092
11/4/1999,0.6147
11/3/1999,0.6051
11/2/1999,0.5941
11/1/1999,0.5955
10/29/1999,0.574
10/28/1999,0.577
10/27/1999,0.6076
10/26/1999,0.6053
10/25/1999,0.6068
10/22/1999,0.6089
10/21/1999,0.5899
10/20/1999,0.5869
10/19/1999,0.5836
10/18/1999,0.5915
10/15/1999,0.5956
10/14/1999,0.5851
10/13/1999,0.5961
10/12/1999,0.579
10/11/1999,0.5488
10/8/1999,0.5372
10/7/1999,0.5746
10/6/1999,0.5943
10/5/1999,0.5961
10/4/1999,0.6056
10/1/1999,0.6249
9/30/1999,0.6154
9/29/1999,0.6213
9/28/1999,0.6168
9/27/1999,0.6212
9/24/1999,0.6227
9/23/1999,0.6215
9/22/1999,0.6021
9/21/1999,0.5978
9/20/1999,0.6025
9/17/1999,0.6117
9/16/1999,0.6108
9/15/1999,0.6106
9/14/1999,0.6106
9/13/1999,0.622
9/10/1999,0.6203
9/9/1999,0.6108
9/8/1999,0.5952
9/7/1999,0.5909
9/3/1999,0.5747
9/2/1999,0.5647
9/1/1999,0.5783
8/31/1999,0.5802
8/30/1999,0.5733
8/27/1999,0.5599
8/26/1999,0.5549
8/25/1999,0.5475
8/24/1999,0.57
8/23/1999,0.5773
8/20/1999,0.5742
8/19/1999,0.575
8/18/1999,0.5645
8/17/1999,0.5681
8/16/1999,0.5534
8/13/1999,0.5569
8/12/1999,0.5554
8/11/1999,0.5565
8/10/1999,0.551
8/9/1999,0.5521
8/6/1999,0.5453
8/5/1999,0.5343
8/4/1999,0.5302
8/3/1999,0.5229
8/2/1999,0.5237
7/30/1999,0.5217
7/29/1999,0.5273
7/28/1999,0.5145
7/27/1999,0.5071
7/26/1999,0.5111
7/23/1999,0.5147
7/22/1999,0.5027
7/21/1999,0.4951
7/20/1999,0.4965
7/19/1999,0.5136
7/16/1999,0.5184
7/15/1999,0.5173
7/14/1999,0.5073
7/13/1999,0.5172
7/12/1999,0.5115
7/9/1999,0.508
7/8/1999,0.504
7/7/1999,0.5008
7/6/1999,0.4938
7/2/1999,0.4914
7/1/1999,0.4882
6/30/1999,0.4785
6/29/1999,0.4582
6/28/1999,0.4502
6/25/1999,0.4553
6/24/1999,0.4557
6/23/1999,0.4566
6/22/1999,0.4362
6/21/1999,0.4389
6/18/1999,0.4447
6/17/1999,0.4538
6/16/1999,0.4431
6/15/1999,0.4609
6/14/1999,0.4514
6/11/1999,0.4484
6/10/1999,0.4274
6/9/1999,0.4293
6/8/1999,0.4205
6/7/1999,0.4238
6/4/1999,0.4129
6/3/1999,0.3973
6/2/1999,0.4019
6/1/1999,0.3913
5/28/1999,0.3943
5/27/1999,0.4025
5/26/1999,0.4037
5/25/1999,0.4032
5/24/1999,0.3999
5/21/1999,0.4055
5/20/1999,0.3979
5/19/1999,0.3986
5/18/1999,0.4021
5/17/1999,0.4239
5/14/1999,0.4295
5/13/1999,0.4357
5/12/1999,0.4243
5/11/1999,0.4309
5/10/1999,0.4386
5/7/1999,0.4323
5/6/1999,0.4422
5/5/1999,0.4579
5/4/1999,0.4551
5/3/1999,0.4573
4/30/1999,0.4447
4/29/1999,0.4479
4/28/1999,0.4411
4/27/1999,0.4305
4/26/1999,0.4274
4/23/1999,0.4342
4/22/1999,0.4412
4/21/1999,0.4353
4/20/1999,0.4269
4/19/1999,0.437
4/16/1999,0.4332
4/15/1999,0.4278
4/14/1999,0.4215
4/13/1999,0.428
4/12/1999,0.42
4/9/1999,0.4246
4/8/1999,0.4084
4/7/1999,0.4127
4/6/1999,0.4395
4/5/1999,0.4402
4/1/1999,0.434
3/31/1999,0.4468
3/30/1999,0.4438
3/29/1999,0.432
3/26/1999,0.4274
3/25/1999,0.4145
3/24/1999,0.4049
3/23/1999,0.4166
3/22/1999,0.4239
3/19/1999,0.4069
3/18/1999,0.397
3/17/1999,0.3968
3/16/1999,0.3777
3/15/1999,0.3808
3/12/1999,0.3873
3/11/1999,0.3789
3/10/1999,0.3866
3/9/1999,0.3601
3/8/1999,0.3578
3/5/1999,0.3475
3/4/1999,0.348
3/3/1999,0.3355
3/2/1999,0.3248
3/1/1999,0.3194
2/26/1999,0.3229
2/25/1999,0.3295
2/24/1999,0.3235
2/23/1999,0.3184
2/22/1999,0.3087
2/19/1999,0.3034
2/18/1999,0.3098
2/17/1999,0.2984
2/16/1999,0.2952
2/12/1999,0.3037
2/11/1999,0.3039
2/10/1999,0.3029
2/9/1999,0.3031
2/8/1999,0.3028
2/5/1999,0.308
2/4/1999,0.3135
2/3/1999,0.3239
2/2/1999,0.3234
2/1/1999,0.325
1/29/1999,0.3316
1/28/1999,0.3255
1/27/1999,0.3252
1/26/1999,0.318
1/25/1999,0.3215
1/22/1999,0.3301
1/21/1999,0.3205
1/20/1999,0.3134
1/19/1999,0.3222
1/15/1999,0.3256
1/14/1999,0.3277
1/13/1999,0.3378
1/12/1999,0.357
1/11/1999,0.3743
1/8/1999,0.3611
1/7/1999,0.3579
1/6/1999,0.3573
1/5/1999,0.3422
1/4/1999,0.3514
12/31/1998,0.34
12/30/1998,0.3292
12/29/1998,0.3333
12/28/1998,0.3251
12/24/1998,0.3219
12/23/1998,0.3254
12/22/1998,0.319
12/21/1998,0.3174
12/18/1998,0.3239
12/17/1998,0.3239
12/16/1998,0.3537
12/15/1998,0.3379
12/14/1998,0.3271
12/11/1998,0.315
12/10/1998,0.3135
12/9/1998,0.3217
12/8/1998,0.3252
12/7/1998,0.3274
12/4/1998,0.322
12/3/1998,0.3242
12/2/1998,0.3228
12/1/1998,0.3175
11/30/1998,0.3132
11/25/1998,0.331
11/24/1998,0.3329
11/23/1998,0.3429
11/20/1998,0.3508
11/19/1998,0.3477
11/18/1998,0.3471
11/17/1998,0.351
11/16/1998,0.3615
11/13/1998,0.3786
11/12/1998,0.387
11/11/1998,0.3792
11/10/1998,0.3776
11/9/1998,0.3745
11/6/1998,0.3851
11/5/1998,0.391
11/4/1998,0.3939
11/3/1998,0.3937
11/2/1998,0.3936
10/30/1998,0.3882
10/29/1998,0.3836
10/28/1998,0.3883
10/27/1998,0.3879
10/26/1998,0.3916
10/23/1998,0.3865
10/22/1998,0.3854
10/21/1998,0.3917
10/20/1998,0.3775
10/19/1998,0.3772
10/16/1998,0.3912
10/15/1998,0.3816
10/14/1998,0.3816
10/13/1998,0.3859
10/12/1998,0.386
10/9/1998,0.3937
10/8/1998,0.3945
10/7/1998,0.4094
10/6/1998,0.4237
10/5/1998,0.4189
10/2/1998,0.4223
10/1/1998,0.4156
9/30/1998,0.4211
9/29/1998,0.4186
9/28/1998,0.4173
9/25/1998,0.4182
9/24/1998,0.4239
9/23/1998,0.4191
9/22/1998,0.4216
9/21/1998,0.4199
9/18/1998,0.4228
9/17/1998,0.4054
9/16/1998,0.3983
9/15/1998,0.4025
9/14/1998,0.4055
9/11/1998,0.4056
9/10/1998,0.4084
9/9/1998,0.3865
9/8/1998,0.3861
9/4/1998,0.3913
9/3/1998,0.3961
9/2/1998,0.3706
9/1/1998,0.3726
8/31/1998,0.3529
8/28/1998,0.3497
8/27/1998,0.3429
8/26/1998,0.3524
8/25/1998,0.3531
8/24/1998,0.3476
8/21/1998,0.342
8/20/1998,0.3522
8/19/1998,0.3403
8/18/1998,0.341
8/17/1998,0.3495
8/14/1998,0.3514
8/13/1998,0.3522
8/12/1998,0.3413
8/11/1998,0.3402
8/10/1998,0.3444
8/7/1998,0.3672
8/6/1998,0.3633
8/5/1998,0.3577
8/4/1998,0.3624
8/3/1998,0.3581
7/31/1998,0.3534
7/30/1998,0.3531
7/29/1998,0.3533
7/28/1998,0.3599
7/27/1998,0.3615
7/24/1998,0.3555
7/23/1998,0.3543
7/22/1998,0.3632
7/21/1998,0.3684
7/20/1998,0.363
7/17/1998,0.3748
7/16/1998,0.3851
7/15/1998,0.3932
7/14/1998,0.3886
7/13/1998,0.3766
7/10/1998,0.3752
7/9/1998,0.3792
7/8/1998,0.3782
7/7/1998,0.376
7/6/1998,0.3801
7/2/1998,0.3938
7/1/1998,0.3939
6/30/1998,0.3815
6/29/1998,0.3855
6/26/1998,0.3865
6/25/1998,0.388
6/24/1998,0.4045
6/23/1998,0.3998
6/22/1998,0.3832
6/19/1998,0.374
6/18/1998,0.3691
6/17/1998,0.3732
6/16/1998,0.3697
6/15/1998,0.367
6/12/1998,0.3812
6/11/1998,0.3805
6/10/1998,0.3883
6/9/1998,0.3857
6/8/1998,0.391
6/5/1998,0.3933
6/4/1998,0.395
6/3/1998,0.3872
6/2/1998,0.3944
6/1/1998,0.3962
5/29/1998,0.391
5/28/1998,0.3898
5/27/1998,0.3988
5/26/1998,0.3939
5/22/1998,0.3971
5/21/1998,0.3979
5/20/1998,0.3928
5/19/1998,0.4095
5/18/1998,0.4099
5/15/1998,0.4164
5/14/1998,0.4263
5/13/1998,0.4265
5/12/1998,0.4316
5/11/1998,0.4291
5/8/1998,0.4301
5/7/1998,0.4358
5/6/1998,0.4382
5/5/1998,0.443
5/4/1998,0.4542
5/1/1998,0.4578
4/30/1998,0.4275
4/29/1998,0.4308
4/28/1998,0.4384
4/27/1998,0.4308
4/24/1998,0.429
4/23/1998,0.4284
4/22/1998,0.4306
4/21/1998,0.4404
4/20/1998,0.4367
4/17/1998,0.4376
4/16/1998,0.446
4/15/1998,0.4362
4/14/1998,0.4254
4/13/1998,0.4281
4/9/1998,0.4333
4/8/1998,0.432
4/7/1998,0.4246
4/6/1998,0.4283
4/3/1998,0.4397
4/2/1998,0.4322
4/1/1998,0.4318
3/31/1998,0.4302
3/30/1998,0.4418
3/27/1998,0.4545
3/26/1998,0.4573
3/25/1998,0.4512
3/24/1998,0.4405
3/23/1998,0.4516
3/20/1998,0.407
3/19/1998,0.4075
3/18/1998,0.4105
3/17/1998,0.3848
3/16/1998,0.3852
3/13/1998,0.4025
3/12/1998,0.4026
3/11/1998,0.4027
3/10/1998,0.4083
3/9/1998,0.4093
3/6/1998,0.4215
3/5/1998,0.4305
3/4/1998,0.4293
3/3/1998,0.4286
3/2/1998,0.4292
2/27/1998,0.428
2/26/1998,0.4315
2/25/1998,0.4308
2/24/1998,0.4267
2/23/1998,0.4253
2/20/1998,0.4472
2/19/1998,0.4535
2/18/1998,0.4534
2/17/1998,0.4374
2/13/1998,0.4472
2/12/1998,0.4457
2/11/1998,0.4506
2/10/1998,0.4544
2/9/1998,0.4595
2/6/1998,0.4633
2/5/1998,0.4621
2/4/1998,0.4554
2/3/1998,0.4605
2/2/1998,0.4738
1/30/1998,0.4758
1/29/1998,0.4928
1/28/1998,0.4776
1/27/1998,0.4725
1/26/1998,0.4719
1/23/1998,0.4444
1/22/1998,0.4562
1/21/1998,0.4625
1/20/1998,0.4639
1/16/1998,0.4675
1/15/1998,0.4623
1/14/1998,0.4628
1/13/1998,0.4609
1/12/1998,0.4621
1/9/1998,0.467
1/8/1998,0.4775
1/7/1998,0.4733
1/6/1998,0.4776
1/5/1998,0.4792
1/2/1998,0.4941
12/31/1997,0.4908
12/30/1997,0.4946
12/29/1997,0.4909
12/26/1997,0.5004
12/24/1997,0.5073
12/23/1997,0.5073
12/22/1997,0.5115
12/19/1997,0.5196
12/18/1997,0.5264
12/17/1997,0.5178
12/16/1997,0.5159
12/15/1997,0.5151
12/12/1997,0.5182
12/11/1997,0.5145
12/10/1997,0.5166
12/9/1997,0.5312
12/8/1997,0.5352
12/5/1997,0.5338
12/4/1997,0.5335
12/3/1997,0.535
12/2/1997,0.5325
12/1/1997,0.5271
11/26/1997,0.531
11/25/1997,0.5549
11/24/1997,0.556
11/21/1997,0.5548
11/20/1997,0.5545
11/19/1997,0.5667
11/18/1997,0.5761
11/17/1997,0.5785
11/14/1997,0.5954
11/13/1997,0.5862
11/12/1997,0.5792
11/11/1997,0.5782
11/10/1997,0.5728
11/7/1997,0.5799
11/6/1997,0.5743
11/5/1997,0.5718
11/4/1997,0.5811
11/3/1997,0.5878
10/31/1997,0.5777
10/30/1997,0.5812
10/29/1997,0.5719
10/28/1997,0.5652
10/27/1997,0.5774
10/24/1997,0.5703
10/23/1997,0.5809
10/22/1997,0.5877
10/21/1997,0.5764
10/20/1997,0.5782
10/17/1997,0.574
10/16/1997,0.5801
10/15/1997,0.5694
10/14/1997,0.5701
10/13/1997,0.5827
10/10/1997,0.5995
10/9/1997,0.6008
10/8/1997,0.6016
10/7/1997,0.596
10/6/1997,0.5969
10/3/1997,0.6201
10/2/1997,0.598
10/1/1997,0.5819
9/30/1997,0.5793
9/29/1997,0.5822
9/26/1997,0.5792
9/25/1997,0.5651
9/24/1997,0.5524
9/23/1997,0.5464
9/22/1997,0.5473
9/19/1997,0.5345
9/18/1997,0.5344
9/17/1997,0.5335
9/16/1997,0.5385
9/15/1997,0.5252
9/12/1997,0.5258
9/11/1997,0.5205
9/10/1997,0.5157
9/9/1997,0.5283
9/8/1997,0.5314
9/5/1997,0.5378
9/4/1997,0.5254
9/3/1997,0.5335
9/2/1997,0.534
8/29/1997,0.5185
8/28/1997,0.5251
8/27/1997,0.5326
8/26/1997,0.5209
8/25/1997,0.522
8/22/1997,0.5341
8/21/1997,0.5348
8/20/1997,0.551
8/19/1997,0.5571
8/18/1997,0.5509
8/15/1997,0.5525
8/14/1997,0.5587
8/13/1997,0.5604
8/12/1997,0.551
8/11/1997,0.5436
8/8/1997,0.5429
8/7/1997,0.553
8/6/1997,0.5698
8/5/1997,0.5832
8/4/1997,0.5844
8/1/1997,0.5656
7/31/1997,0.5561
7/30/1997,0.5578
7/29/1997,0.5431
7/28/1997,0.5414
7/25/1997,0.5399
7/24/1997,0.5339
7/23/1997,0.5328
7/22/1997,0.527
7/21/1997,0.5235
7/18/1997,0.5222
7/17/1997,0.5389
7/16/1997,0.5268
7/15/1997,0.5295
7/14/1997,0.5167
7/11/1997,0.5235
7/10/1997,0.5211
7/9/1997,0.5265
7/8/1997,0.53
7/7/1997,0.5278
7/3/1997,0.5276
7/2/1997,0.5492
7/1/1997,0.5484
6/30/1997,0.537
6/27/1997,0.5333
6/26/1997,0.5202
6/25/1997,0.5299
6/24/1997,0.5157
6/23/1997,0.5192
6/20/1997,0.5133
6/19/1997,0.5145
6/18/1997,0.5144
6/17/1997,0.5245
6/16/1997,0.5194
6/13/1997,0.5164
6/12/1997,0.5162
6/11/1997,0.5152
6/10/1997,0.5165
6/9/1997,0.515
6/6/1997,0.5152
6/5/1997,0.5332
6/4/1997,0.5416
6/3/1997,0.5462
6/2/1997,0.5632
5/30/1997,0.5649
5/29/1997,0.56
5/28/1997,0.5539
5/27/1997,0.5527
5/23/1997,0.5752
5/22/1997,0.578
5/21/1997,0.5755
5/20/1997,0.5764
5/19/1997,0.5792
5/16/1997,0.5847
5/15/1997,0.5648
5/14/1997,0.5642
5/13/1997,0.5648
5/12/1997,0.5665
5/9/1997,0.5452
5/8/1997,0.5438
5/7/1997,0.5308
5/6/1997,0.5353
5/5/1997,0.5305
5/2/1997,0.5302
5/1/1997,0.5433
4/30/1997,0.5807
4/29/1997,0.5891
4/28/1997,0.5653
4/25/1997,0.559
4/24/1997,0.5589
4/23/1997,0.5565
4/22/1997,0.5483
4/21/1997,0.5548
4/18/1997,0.5468
4/17/1997,0.54
4/16/1997,0.5348
4/15/1997,0.5485
4/14/1997,0.5467
4/11/1997,0.5387
4/10/1997,0.5486
4/9/1997,0.5311
4/8/1997,0.5289
4/7/1997,0.5312
4/4/1997,0.5314
4/3/1997,0.5326
4/2/1997,0.5252
4/1/1997,0.5395
3/31/1997,0.5672
3/27/1997,0.5607
3/26/1997,0.5543
3/25/1997,0.5683
3/24/1997,0.5573
3/21/1997,0.5598
3/20/1997,0.5594
3/19/1997,0.5629
3/18/1997,0.5618
3/17/1997,0.543
3/14/1997,0.5533
3/13/1997,0.5422
3/12/1997,0.5408
3/11/1997,0.5283
3/10/1997,0.5308
3/7/1997,0.5408
3/6/1997,0.5343
3/5/1997,0.5254
3/4/1997,0.5334
3/3/1997,0.5318
2/28/1997,0.5476
2/27/1997,0.5603
2/26/1997,0.5668
2/25/1997,0.5682
2/24/1997,0.5547
2/21/1997,0.5785
2/20/1997,0.5804
2/19/1997,0.5959
2/18/1997,0.5942
2/14/1997,0.6081
2/13/1997,0.5992
2/12/1997,0.6085
2/11/1997,0.6186
2/10/1997,0.6176
2/7/1997,0.6053
2/6/1997,0.6145
2/5/1997,0.6332
2/4/1997,0.6418
2/3/1997,0.6528
1/31/1997,0.6865
1/30/1997,0.7034
1/29/1997,0.6884
1/28/1997,0.6683
1/27/1997,0.6729
1/24/1997,0.6677
1/23/1997,0.6635
1/22/1997,0.6689
1/21/1997,0.6603
1/20/1997,0.6694
1/17/1997,0.6844
1/16/1997,0.6992
1/15/1997,0.7142
1/14/1997,0.6942
1/13/1997,0.697
1/10/1997,0.7215
1/9/1997,0.7305
1/8/1997,0.7343
1/7/1997,0.7249
1/6/1997,0.7364
1/3/1997,0.7129
1/2/1997,0.7211
12/31/1996,0.7284
12/30/1996,0.7057
12/27/1996,0.7055
12/26/1996,0.7006
12/24/1996,0.714
12/23/1996,0.7108
12/20/1996,0.7297
12/19/1996,0.7378
12/18/1996,0.7418
12/17/1996,0.7354
12/16/1996,0.7482
12/13/1996,0.7171
12/12/1996,0.6867
12/11/1996,0.6682
12/10/1996,0.6962
12/9/1996,0.7213
12/6/1996,0.7466
12/5/1996,0.7511
12/4/1996,0.7357
12/3/1996,0.7422
12/2/1996,0.7357
11/27/1996,0.7197
11/26/1996,0.7124
11/25/1996,0.7223
11/22/1996,0.7279
11/21/1996,0.7385
11/20/1996,0.7209
11/19/1996,0.7368
11/18/1996,0.7185
11/15/1996,0.7261
11/14/1996,0.734
11/13/1996,0.712
11/12/1996,0.6825
11/11/1996,0.6835
11/8/1996,0.6893
11/7/1996,0.6689
11/6/1996,0.6645
11/5/1996,0.6542
11/4/1996,0.6595
11/1/1996,0.666
10/31/1996,0.6634
10/30/1996,0.6846
10/29/1996,0.6983
10/28/1996,0.7146
10/25/1996,0.7172
10/24/1996,0.7049
10/23/1996,0.7096
10/22/1996,0.7345
10/21/1996,0.7363
10/18/1996,0.7406
10/17/1996,0.7229
10/16/1996,0.7156
10/15/1996,0.7307
10/14/1996,0.7407
10/11/1996,0.7143
10/10/1996,0.7092
10/9/1996,0.7397
10/8/1996,0.7619
10/7/1996,0.7649
10/4/1996,0.7443
10/3/1996,0.7469
10/2/1996,0.7198
10/1/1996,0.7076
9/30/1996,0.7151
9/27/1996,0.7149
9/26/1996,0.709
9/25/1996,0.7177
9/24/1996,0.6969
9/23/1996,0.6748
9/20/1996,0.6742
9/19/1996,0.6677
9/18/1996,0.6787
9/17/1996,0.6559
9/16/1996,0.6529
9/13/1996,0.6794
9/12/1996,0.6917
9/11/1996,0.6819
9/10/1996,0.6667
9/9/1996,0.6595
9/6/1996,0.664
9/5/1996,0.6503
9/4/1996,0.6421
9/3/1996,0.6507
8/30/1996,0.6282
8/29/1996,0.6367
8/28/1996,0.6204
8/27/1996,0.6113
8/26/1996,0.6103
8/23/1996,0.6199
8/22/1996,0.6248
8/21/1996,0.6098
8/20/1996,0.6167
8/19/1996,0.6258
8/16/1996,0.6163
8/15/1996,0.5968
8/14/1996,0.6041
8/13/1996,0.6001
8/12/1996,0.5956
8/9/1996,0.5849
8/8/1996,0.5879
8/7/1996,0.5822
8/6/1996,0.5743
8/5/1996,0.5829
8/2/1996,0.5871
8/1/1996,0.5753
7/31/1996,0.5708
7/30/1996,0.5565
7/29/1996,0.5519
7/26/1996,0.5504
7/25/1996,0.5625
7/24/1996,0.5595
7/23/1996,0.5594
7/22/1996,0.5585
7/19/1996,0.5602
7/18/1996,0.5674
7/17/1996,0.5632
7/16/1996,0.5718
7/15/1996,0.5772
7/12/1996,0.5662
7/11/1996,0.567
7/10/1996,0.5559
7/9/1996,0.5526
7/8/1996,0.5489
7/3/1996,0.5471
7/2/1996,0.5428
7/1/1996,0.5514
6/28/1996,0.5395
6/27/1996,0.5364
6/26/1996,0.5234
6/25/1996,0.5117
6/24/1996,0.513
6/21/1996,0.5136
6/20/1996,0.5153
6/19/1996,0.5112
6/18/1996,0.525
6/17/1996,0.5334
6/14/1996,0.5155
6/13/1996,0.5095
6/12/1996,0.5088
6/11/1996,0.5079
6/10/1996,0.514
6/7/1996,0.5178
6/6/1996,0.5104
6/5/1996,0.5085
6/4/1996,0.5152
6/3/1996,0.5125
5/31/1996,0.5085
5/30/1996,0.5209
5/29/1996,0.5406
5/28/1996,0.5418
5/24/1996,0.5446
5/23/1996,0.5439
5/22/1996,0.5499
5/21/1996,0.5406
5/20/1996,0.5524
5/17/1996,0.5294
5/16/1996,0.53
5/15/1996,0.5481
5/14/1996,0.5532
5/13/1996,0.5619
5/10/1996,0.5495
5/9/1996,0.5456
5/8/1996,0.5487
5/7/1996,0.5479
5/6/1996,0.5456
5/3/1996,0.5474
5/2/1996,0.5394
5/1/1996,0.5416
4/30/1996,0.6182
4/29/1996,0.6228
4/26/1996,0.5927
4/25/1996,0.5876
4/24/1996,0.582
4/23/1996,0.573
4/22/1996,0.5506
4/19/1996,0.5572
4/18/1996,0.554
4/17/1996,0.5809
4/16/1996,0.5954
4/15/1996,0.6262
4/12/1996,0.6202
4/11/1996,0.6402
4/10/1996,0.6251
4/9/1996,0.6064
4/8/1996,0.6019
4/4/1996,0.5957
4/3/1996,0.5822
4/2/1996,0.5972
4/1/1996,0.5798
3/29/1996,0.6276
3/28/1996,0.6354
3/27/1996,0.6593
3/26/1996,0.6488
3/25/1996,0.632
3/22/1996,0.6265
3/21/1996,0.6133
3/20/1996,0.6312
3/19/1996,0.6226
3/18/1996,0.6028
3/15/1996,0.5787
3/14/1996,0.5507
3/13/1996,0.5459
3/12/1996,0.5483
3/11/1996,0.5515
3/8/1996,0.5344
3/7/1996,0.5378
3/6/1996,0.5422
3/5/1996,0.53
3/4/1996,0.5215
3/1/1996,0.5342
2/29/1996,0.6181
2/28/1996,0.5968
2/27/1996,0.6428
2/26/1996,0.6285
2/23/1996,0.6066
2/22/1996,0.6053
2/21/1996,0.5884
2/20/1996,0.5639
2/16/1996,0.5687
2/15/1996,0.57
2/14/1996,0.5821
2/13/1996,0.5674
2/12/1996,0.5369
2/9/1996,0.5362
2/8/1996,0.5314
2/7/1996,0.5246
2/6/1996,0.5164
2/5/1996,0.516
2/2/1996,0.5326
2/1/1996,0.5241
1/31/1996,0.5351
1/30/1996,0.5228
1/29/1996,0.5113
1/26/1996,0.5093
1/25/1996,0.5051
1/24/1996,0.5272
1/23/1996,0.5295
1/22/1996,0.5367
1/19/1996,0.5422
1/18/1996,0.5437
1/17/1996,0.5313
1/16/1996,0.5243
1/15/1996,0.533
1/12/1996,0.5357
1/11/1996,0.5616
1/10/1996,0.5959
1/9/1996,0.6043
1/5/1996,0.6064
1/4/1996,0.5928
1/3/1996,0.5944
1/2/1996,0.5993
12/29/1995,0.5863
12/28/1995,0.6032
12/27/1995,0.6233
12/26/1995,0.605
12/22/1995,0.6009
12/21/1995,0.6001
12/20/1995,0.599
12/19/1995,0.5923
12/18/1995,0.5911
12/15/1995,0.5799
12/14/1995,0.573
12/13/1995,0.5769
12/12/1995,0.5681
12/11/1995,0.5675
12/8/1995,0.5659
12/7/1995,0.5528
12/6/1995,0.5475
12/5/1995,0.5422
12/4/1995,0.5403
12/1/1995,0.5267
11/30/1995,0.5162
11/29/1995,0.522
11/28/1995,0.5295
11/27/1995,0.5342
11/22/1995,0.5254
11/21/1995,0.5228
11/20/1995,0.5273
11/17/1995,0.5296
11/16/1995,0.5222
11/15/1995,0.5171
11/14/1995,0.5156
11/13/1995,0.5157
11/10/1995,0.5163
11/9/1995,0.5162
11/8/1995,0.5145
11/7/1995,0.5099
11/6/1995,0.5115
11/3/1995,0.5172
11/2/1995,0.5204
11/1/1995,0.5095
10/31/1995,0.504
10/30/1995,0.5059
10/27/1995,0.5034
10/26/1995,0.5044
10/25/1995,0.4958
10/24/1995,0.4936
10/23/1995,0.4894
10/20/1995,0.4858
10/19/1995,0.4815
10/18/1995,0.4842
10/17/1995,0.4882
10/16/1995,0.4885
10/13/1995,0.4892
10/12/1995,0.4846
10/11/1995,0.488
10/10/1995,0.4867
10/9/1995,0.4874
10/6/1995,0.4821
10/5/1995,0.4797
10/4/1995,0.4885
10/3/1995,0.4928
10/2/1995,0.4926
9/29/1995,0.4865
9/28/1995,0.495
9/27/1995,0.4902
9/26/1995,0.4823
9/25/1995,0.4885
9/22/1995,0.4809
9/21/1995,0.4867
9/20/1995,0.493
9/19/1995,0.5137
9/18/1995,0.5165
9/15/1995,0.5153
9/14/1995,0.518
9/13/1995,0.5125
9/12/1995,0.5195
9/11/1995,0.5165
9/8/1995,0.5183
9/7/1995,0.5144
9/6/1995,0.5211
9/5/1995,0.5297
9/1/1995,0.5143
8/31/1995,0.5015
8/30/1995,0.4965
8/29/1995,0.4952
8/28/1995,0.498
8/25/1995,0.4997
8/24/1995,0.502
8/23/1995,0.505
8/22/1995,0.5018
8/21/1995,0.5029
8/18/1995,0.497
8/17/1995,0.4927
8/16/1995,0.4922
8/15/1995,0.4874
8/14/1995,0.4877
8/11/1995,0.4938
8/10/1995,0.4955
8/9/1995,0.4945
8/8/1995,0.497
8/7/1995,0.4932
8/4/1995,0.4918
8/3/1995,0.4924
8/2/1995,0.4944
8/1/1995,0.4879
7/31/1995,0.4827
7/28/1995,0.48
7/27/1995,0.4813
7/26/1995,0.4804
7/25/1995,0.4651
7/24/1995,0.4656
7/21/1995,0.4614
7/20/1995,0.461
7/19/1995,0.4647
7/18/1995,0.4698
7/17/1995,0.4649
7/14/1995,0.4653
7/13/1995,0.4668
7/12/1995,0.4723
7/11/1995,0.4696
7/10/1995,0.471
7/7/1995,0.4637
7/6/1995,0.4719
7/5/1995,0.4651
6/30/1995,0.4672
6/29/1995,0.4692
6/28/1995,0.4769
6/27/1995,0.4723
6/26/1995,0.4678
6/23/1995,0.4631
6/22/1995,0.4665
6/21/1995,0.4654
6/20/1995,0.4714
6/19/1995,0.47
6/16/1995,0.4829
6/15/1995,0.4888
6/14/1995,0.4919
6/13/1995,0.4853
6/12/1995,0.485
6/9/1995,0.481
6/8/1995,0.4865
6/7/1995,0.4895
6/6/1995,0.491
6/5/1995,0.496
6/2/1995,0.499
6/1/1995,0.4953
5/31/1995,0.4874
5/30/1995,0.4856
5/26/1995,0.4872
5/25/1995,0.5125
5/24/1995,0.5113
5/23/1995,0.5229
5/22/1995,0.5129
5/19/1995,0.5101
5/18/1995,0.5056
5/17/1995,0.504
5/16/1995,0.5045
5/15/1995,0.4986
5/12/1995,0.4954
5/11/1995,0.4909
5/10/1995,0.4995
5/9/1995,0.4914
5/8/1995,0.5115
5/5/1995,0.5134
5/4/1995,0.5127
5/3/1995,0.5025
5/2/1995,0.5094
5/1/1995,0.5109
4/28/1995,0.5119
4/27/1995,0.5126
4/26/1995,0.5046
4/25/1995,0.5078
4/24/1995,0.5002
4/21/1995,0.5064
4/20/1995,0.5028
4/19/1995,0.5015
4/18/1995,0.5019
4/17/1995,0.5001
4/13/1995,0.4879
4/12/1995,0.4954
4/11/1995,0.5015
4/10/1995,0.4928
4/7/1995,0.495
4/6/1995,0.4921
4/5/1995,0.4801
4/4/1995,0.4796
4/3/1995,0.4747
3/31/1995,0.4706
3/30/1995,0.4719
3/29/1995,0.4708
3/28/1995,0.4746
3/27/1995,0.4746
3/24/1995,0.4632
3/23/1995,0.4656
3/22/1995,0.4702
3/21/1995,0.4565
3/20/1995,0.4582
3/17/1995,0.4607
3/16/1995,0.4537
3/15/1995,0.4514
3/14/1995,0.4434
3/13/1995,0.4561
3/10/1995,0.4525
3/9/1995,0.4514
3/8/1995,0.4525
3/7/1995,0.4636
3/6/1995,0.4666
3/3/1995,0.4741
3/2/1995,0.4652
3/1/1995,0.4644
2/28/1995,0.469
2/27/1995,0.4719
2/24/1995,0.4775
2/23/1995,0.4744
2/22/1995,0.4789
2/21/1995,0.4762
2/17/1995,0.4772
2/16/1995,0.4692
2/15/1995,0.4689
2/14/1995,0.475
2/13/1995,0.4729
2/10/1995,0.4828
2/9/1995,0.4765
2/8/1995,0.4798
2/7/1995,0.4913
2/6/1995,0.492
2/3/1995,0.4944
2/2/1995,0.4855
2/1/1995,0.478
1/31/1995,0.4686
1/30/1995,0.4742
1/27/1995,0.4727
1/26/1995,0.4727
1/25/1995,0.4747
1/24/1995,0.4787
1/23/1995,0.4782
1/20/1995,0.4814
1/19/1995,0.4828
1/18/1995,0.4908
1/17/1995,0.4867
1/16/1995,0.4735
1/13/1995,0.4668
1/12/1995,0.4785
1/11/1995,0.4798
1/10/1995,0.4738
1/9/1995,0.4833
1/6/1995,0.4952
1/5/1995,0.4996
1/4/1995,0.4964
1/3/1995,0.4994
12/30/1994,0.5131
12/29/1994,0.5066
12/28/1994,0.5011
12/27/1994,0.4925
12/23/1994,0.4802
12/22/1994,0.4795
12/21/1994,0.4786
12/20/1994,0.4788
12/19/1994,0.4786
12/16/1994,0.4846
12/15/1994,0.4878
12/14/1994,0.4954
12/13/1994,0.4848
12/12/1994,0.4885
12/9/1994,0.4927
12/8/1994,0.4911
12/7/1994,0.4767
12/6/1994,0.4729
12/5/1994,0.4701
12/2/1994,0.4702
12/1/1994,0.4875
11/30/1994,0.4896
11/29/1994,0.4997
11/28/1994,0.5058
11/23/1994,0.5087
11/22/1994,0.4915
11/21/1994,0.4856
11/18/1994,0.4808
11/17/1994,0.4814
11/16/1994,0.4776
11/15/1994,0.486
11/14/1994,0.4885
11/11/1994,0.5034
11/10/1994,0.508
11/9/1994,0.5057
11/8/1994,0.5108
11/7/1994,0.5044
11/4/1994,0.51
11/3/1994,0.5142
11/2/1994,0.512
11/1/1994,0.5072
10/31/1994,0.4898
10/28/1994,0.4931
10/27/1994,0.494
10/26/1994,0.4948
10/25/1994,0.493
10/24/1994,0.4916
10/21/1994,0.4849
10/20/1994,0.5004
10/19/1994,0.4821
10/18/1994,0.4738
10/17/1994,0.4715
10/14/1994,0.4671
10/13/1994,0.4685
10/12/1994,0.4676
10/11/1994,0.4873
10/10/1994,0.4959
10/7/1994,0.5043
10/6/1994,0.5024
10/5/1994,0.4995
10/4/1994,0.4975
10/3/1994,0.5024
9/30/1994,0.5022
9/29/1994,0.4932
9/28/1994,0.4833
9/27/1994,0.4766
9/26/1994,0.4778
9/23/1994,0.4855
9/22/1994,0.4854
9/21/1994,0.4765
9/20/1994,0.4835
9/19/1994,0.4832
9/16/1994,0.4701
9/15/1994,0.4671
9/14/1994,0.4703
9/13/1994,0.4812
9/12/1994,0.4907
9/9/1994,0.4937
9/8/1994,0.4963
9/7/1994,0.5007
9/6/1994,0.4995
9/2/1994,0.4972
9/1/1994,0.4928
8/31/1994,0.4939
8/30/1994,0.4855
8/29/1994,0.4884
8/26/1994,0.4818
8/25/1994,0.4877
8/24/1994,0.4855
8/23/1994,0.4781
8/22/1994,0.473
8/19/1994,0.4803
8/18/1994,0.487
8/17/1994,0.4977
8/16/1994,0.4854
8/15/1994,0.491
8/12/1994,0.4857
8/11/1994,0.4972
8/10/1994,0.5014
8/9/1994,0.5017
8/8/1994,0.4985
8/5/1994,0.4918
8/4/1994,0.5205
8/3/1994,0.526
8/2/1994,0.5302
8/1/1994,0.5426
7/29/1994,0.529
7/28/1994,0.5069
7/27/1994,0.5039
7/26/1994,0.4999
7/25/1994,0.5017
7/22/1994,0.5057
7/21/1994,0.4994
7/20/1994,0.4963
7/19/1994,0.4948
7/18/1994,0.4884
7/15/1994,0.4982
7/14/1994,0.5049
7/13/1994,0.5021
7/12/1994,0.5044
7/11/1994,0.497
7/8/1994,0.4879
7/7/1994,0.4818
7/6/1994,0.4909
7/5/1994,0.5032
7/1/1994,0.5078
6/30/1994,0.5059
6/29/1994,0.4958
6/28/1994,0.4995
6/27/1994,0.4954
6/24/1994,0.5039
6/23/1994,0.5068
6/22/1994,0.4983
6/21/1994,0.5046
6/20/1994,0.5147
6/17/1994,0.5202
6/16/1994,0.5052
6/15/1994,0.5058
6/14/1994,0.4793
6/13/1994,0.4764
6/10/1994,0.4691
6/9/1994,0.4699
6/8/1994,0.4662
6/7/1994,0.4647
6/6/1994,0.4756
6/3/1994,0.4822
6/2/1994,0.485
6/1/1994,0.4943
5/31/1994,0.4971
5/27/1994,0.4838
5/26/1994,0.4782
5/25/1994,0.4763
5/24/1994,0.476
5/23/1994,0.4791
5/20/1994,0.4832
5/19/1994,0.4786
5/18/1994,0.477
5/17/1994,0.4704
5/16/1994,0.4781
5/13/1994,0.4847
5/12/1994,0.4822
5/11/1994,0.4785
5/10/1994,0.4782
5/9/1994,0.4834
5/6/1994,0.481
5/5/1994,0.4731
5/4/1994,0.4666
5/3/1994,0.4689
5/2/1994,0.4757
4/29/1994,0.4705
4/28/1994,0.4652
4/26/1994,0.4737
4/25/1994,0.4823
4/22/1994,0.4787
4/21/1994,0.4687
4/20/1994,0.464
4/19/1994,0.4617
4/18/1994,0.4703
4/15/1994,0.474
4/14/1994,0.467
4/13/1994,0.4582
4/12/1994,0.4548
4/11/1994,0.4582
4/8/1994,0.4506
4/7/1994,0.4481
4/6/1994,0.4551
4/5/1994,0.4582
4/4/1994,0.4617
3/31/1994,0.458
3/30/1994,0.4504
3/29/1994,0.446
3/28/1994,0.4376
3/25/1994,0.4628
3/24/1994,0.4521
3/23/1994,0.4502
3/22/1994,0.452
3/21/1994,0.4509
3/18/1994,0.4447
3/17/1994,0.4424
3/16/1994,0.4447
3/15/1994,0.4463
3/14/1994,0.4336
3/11/1994,0.437
3/10/1994,0.4328
3/9/1994,0.4379
3/8/1994,0.4335
3/7/1994,0.4337
3/4/1994,0.4489
3/3/1994,0.4566
3/2/1994,0.4574
3/1/1994,0.4555
2/28/1994,0.5028
2/25/1994,0.4968
2/24/1994,0.4886
2/23/1994,0.4722
2/22/1994,0.4683
2/18/1994,0.4575
2/17/1994,0.4524
2/16/1994,0.4502
2/15/1994,0.4705
2/14/1994,0.4782
2/11/1994,0.5098
2/10/1994,0.5031
2/9/1994,0.494
2/8/1994,0.5057
2/7/1994,0.4998
2/4/1994,0.5106
2/3/1994,0.523
2/2/1994,0.5358
2/1/1994,0.5183
1/31/1994,0.537
1/28/1994,0.527
1/27/1994,0.5306
1/26/1994,0.5231
1/25/1994,0.499
1/24/1994,0.4939
1/21/1994,0.4803
1/20/1994,0.4796
1/19/1994,0.5008
1/18/1994,0.4949
1/17/1994,0.5267
1/14/1994,0.5126
1/13/1994,0.4891
1/12/1994,0.4807
1/11/1994,0.4842
1/10/1994,0.4676
1/7/1994,0.4817
1/6/1994,0.4765
1/5/1994,0.4788
1/4/1994,0.4603
1/3/1994,0.4521
12/30/1993,0.4416
12/29/1993,0.4482
12/28/1993,0.4361
12/27/1993,0.4434
12/23/1993,0.4424
12/22/1993,0.4402
12/21/1993,0.4336
12/20/1993,0.4375
12/17/1993,0.4407
12/16/1993,0.4455
12/15/1993,0.4447
12/14/1993,0.4386
12/13/1993,0.438
12/10/1993,0.4531
12/9/1993,0.4415
12/8/1993,0.441
12/7/1993,0.4454
12/6/1993,0.4456
12/3/1993,0.4586
12/2/1993,0.4582
12/1/1993,0.4718
11/30/1993,0.4697
11/29/1993,0.4686
11/24/1993,0.5006
11/23/1993,0.5033
11/22/1993,0.5158
11/19/1993,0.5161
11/18/1993,0.5195
11/17/1993,0.524
11/16/1993,0.5113
11/15/1993,0.5127
11/12/1993,0.5161
11/11/1993,0.5178
11/10/1993,0.5069
11/9/1993,0.5046
11/8/1993,0.507
11/5/1993,0.5126
11/4/1993,0.521
11/3/1993,0.5247
11/2/1993,0.5237
11/1/1993,0.5312
10/29/1993,0.5112
10/28/1993,0.521
10/27/1993,0.5249
10/26/1993,0.5217
10/25/1993,0.5231
10/22/1993,0.5335
10/21/1993,0.5411
10/20/1993,0.5424
10/19/1993,0.54
10/18/1993,0.5388
10/15/1993,0.5453
10/14/1993,0.5552
10/13/1993,0.5567
10/12/1993,0.5622
10/11/1993,0.5642
10/8/1993,0.5599
10/7/1993,0.5585
10/6/1993,0.5581
10/5/1993,0.5543
10/4/1993,0.5593
10/1/1993,0.5672
9/30/1993,0.565
9/29/1993,0.5542
9/28/1993,0.5344
9/27/1993,0.5308
9/24/1993,0.5308
9/23/1993,0.535
9/22/1993,0.5309
9/21/1993,0.5388
9/20/1993,0.5373
9/17/1993,0.5192
9/16/1993,0.5141
9/15/1993,0.518
9/14/1993,0.5174
9/13/1993,0.5139
9/10/1993,0.5135
9/9/1993,0.5139
9/8/1993,0.5112
9/7/1993,0.5113
9/3/1993,0.5288
9/2/1993,0.532
8/31/1993,0.5274
8/30/1993,0.5401
8/27/1993,0.5384
8/26/1993,0.5286
8/25/1993,0.5251
8/24/1993,0.5297
8/23/1993,0.5333
8/20/1993,0.5274
8/19/1993,0.5237
8/18/1993,0.5229
8/17/1993,0.5291
8/16/1993,0.5281
8/13/1993,0.536
8/12/1993,0.5275
8/11/1993,0.5157
8/10/1993,0.5001
8/9/1993,0.5021
8/6/1993,0.494
8/5/1993,0.5007
8/4/1993,0.5068
8/3/1993,0.5075
8/2/1993,0.5118
7/30/1993,0.4994
7/29/1993,0.5082
7/28/1993,0.5135
7/27/1993,0.5164
7/26/1993,0.5037
7/23/1993,0.5019
7/22/1993,0.4972
7/21/1993,0.5017
7/20/1993,0.4974
7/19/1993,0.505
7/16/1993,0.4884
7/15/1993,0.4971
7/14/1993,0.4926
7/13/1993,0.5055
7/12/1993,0.5074
7/9/1993,0.5049
7/8/1993,0.4983
7/7/1993,0.5063
7/6/1993,0.5126
7/2/1993,0.5076
7/1/1993,0.5166
6/30/1993,0.5245
6/29/1993,0.5256
6/28/1993,0.5238
6/25/1993,0.5228
6/24/1993,0.5196
6/23/1993,0.5207
6/22/1993,0.5188
6/21/1993,0.5195
6/18/1993,0.522
6/17/1993,0.5196
6/16/1993,0.5245
6/15/1993,0.52
6/14/1993,0.5245
6/11/1993,0.5301
6/10/1993,0.5317
6/9/1993,0.5386
6/8/1993,0.5371
6/7/1993,0.5358
6/4/1993,0.5414
6/3/1993,0.5419
6/2/1993,0.548
6/1/1993,0.5514
5/28/1993,0.5486
5/27/1993,0.5456
5/26/1993,0.5429
5/25/1993,0.5426
5/24/1993,0.539
5/21/1993,0.5444
5/20/1993,0.5489
5/19/1993,0.5404
5/18/1993,0.538
5/17/1993,0.5408
5/14/1993,0.536
5/13/1993,0.5403
5/12/1993,0.5514
5/11/1993,0.5591
5/10/1993,0.5643
5/7/1993,0.5617
5/6/1993,0.5591
5/5/1993,0.5573
5/4/1993,0.5558
5/3/1993,0.5588
4/30/1993,0.5549
4/29/1993,0.5596
4/28/1993,0.5514
4/27/1993,0.5536
4/26/1993,0.5571
4/23/1993,0.5582
4/22/1993,0.5484
4/21/1993,0.5518
4/20/1993,0.5513
4/19/1993,0.5549
4/16/1993,0.5587
4/15/1993,0.5592
4/14/1993,0.5601
4/13/1993,0.5609
4/12/1993,0.5652
4/8/1993,0.5599
4/7/1993,0.5655
4/6/1993,0.5595
4/5/1993,0.5695
4/2/1993,0.5724
4/1/1993,0.5665
3/31/1993,0.5588
3/30/1993,0.5596
3/29/1993,0.5685
3/26/1993,0.5767
3/25/1993,0.5822
3/24/1993,0.5814
3/23/1993,0.5811
3/22/1993,0.5717
3/19/1993,0.5802
3/18/1993,0.5837
3/17/1993,0.5787
3/16/1993,0.5809
3/15/1993,0.5728
3/12/1993,0.582
3/11/1993,0.5732
3/10/1993,0.5805
3/9/1993,0.5825
3/8/1993,0.5809
3/5/1993,0.5925
3/4/1993,0.5981
3/3/1993,0.5816
3/2/1993,0.5765
2/26/1993,0.5795
2/25/1993,0.5877
2/24/1993,0.5738
2/23/1993,0.5727
2/22/1993,0.5649
2/19/1993,0.5532
2/18/1993,0.5455
2/17/1993,0.5463
2/16/1993,0.5514
2/12/1993,0.5563
2/11/1993,0.5665
2/10/1993,0.5663
2/9/1993,0.5634
2/8/1993,0.567
2/5/1993,0.5686
2/4/1993,0.5666
2/3/1993,0.5598
2/2/1993,0.5586
2/1/1993,0.5673
1/29/1993,0.5579
1/28/1993,0.5647
1/27/1993,0.5451
1/26/1993,0.5524
1/25/1993,0.5456
1/22/1993,0.5202
1/21/1993,0.52
1/20/1993,0.5168
1/19/1993,0.5294
1/18/1993,0.5333
1/15/1993,0.5337
1/14/1993,0.5309
1/13/1993,0.5249
1/12/1993,0.5263
1/11/1993,0.5354
1/8/1993,0.5367
1/7/1993,0.5356
1/6/1993,0.5429
1/5/1993,0.5579
1/4/1993,0.5518
12/31/1992,0.564
12/30/1992,0.569
12/29/1992,0.5679
12/28/1992,0.5784
12/23/1992,0.5885
12/22/1992,0.5683
12/21/1992,0.5711
12/18/1992,0.5615
12/17/1992,0.5626
12/16/1992,0.555
12/15/1992,0.5378
12/14/1992,0.5418
12/11/1992,0.5472
12/10/1992,0.5591
12/9/1992,0.5436
12/8/1992,0.5448
12/7/1992,0.5554
12/4/1992,0.5422
12/3/1992,0.543
12/2/1992,0.5581
12/1/1992,0.5584
11/30/1992,0.5607
11/25/1992,0.5714
11/24/1992,0.565
11/23/1992,0.56
11/20/1992,0.5731
11/19/1992,0.5728
11/18/1992,0.565
11/17/1992,0.5813
11/16/1992,0.589
11/13/1992,0.5783
11/12/1992,0.5803
11/11/1992,0.5862
11/10/1992,0.581
11/9/1992,0.5836
11/6/1992,0.5738
11/5/1992,0.5894
11/4/1992,0.5842
11/3/1992,0.5943
11/2/1992,0.6009
10/30/1992,0.5882
10/29/1992,0.5951
10/28/1992,0.614
10/27/1992,0.6165
10/26/1992,0.6185
10/23/1992,0.618
10/22/1992,0.6192
10/21/1992,0.6265
10/20/1992,0.6421
10/19/1992,0.6482
10/16/1992,0.6506
10/15/1992,0.6549
10/14/1992,0.6464
10/13/1992,0.6451
10/12/1992,0.6548
10/9/1992,0.6589
10/8/1992,0.642
10/7/1992,0.6383
10/6/1992,0.6332
10/5/1992,0.6353
10/2/1992,0.6385
10/1/1992,0.6387
9/30/1992,0.632
9/29/1992,0.6294
9/28/1992,0.632
9/25/1992,0.6279
9/24/1992,0.6326
9/23/1992,0.6396
9/22/1992,0.6263
9/21/1992,0.6217
9/18/1992,0.6183
9/17/1992,0.6244
9/16/1992,0.6304
9/15/1992,0.6309
9/14/1992,0.6354
9/11/1992,0.6281
9/10/1992,0.6222
9/9/1992,0.6173
9/8/1992,0.6177
9/4/1992,0.6084
9/3/1992,0.606
9/2/1992,0.6065
9/1/1992,0.6117
8/31/1992,0.6047
8/28/1992,0.5937
8/27/1992,0.5827
8/26/1992,0.5812
8/25/1992,0.5823
8/24/1992,0.5931
8/21/1992,0.5781
8/20/1992,0.5842
8/19/1992,0.5815
8/18/1992,0.5881
8/17/1992,0.5935
8/14/1992,0.589
8/13/1992,0.5873
8/12/1992,0.5787
8/11/1992,0.5755
8/10/1992,0.5822
8/7/1992,0.5872
8/6/1992,0.5959
8/5/1992,0.5863
8/4/1992,0.5907
8/3/1992,0.598
7/31/1992,0.6054
7/30/1992,0.6036
7/29/1992,0.6089
7/28/1992,0.6175
7/27/1992,0.6241
7/24/1992,0.6235
7/23/1992,0.6169
7/22/1992,0.6093
7/21/1992,0.5987
7/20/1992,0.606
7/17/1992,0.5989
7/16/1992,0.6012
7/15/1992,0.6034
7/14/1992,0.599
7/13/1992,0.6005
7/10/1992,0.5941
7/9/1992,0.5925
7/8/1992,0.5906
7/7/1992,0.5873
7/6/1992,0.6024
7/2/1992,0.6115
7/1/1992,0.6052
6/30/1992,0.6009
6/29/1992,0.6187
6/26/1992,0.6227
6/25/1992,0.6316
6/24/1992,0.6366
6/23/1992,0.6211
6/22/1992,0.6184
6/19/1992,0.6146
6/18/1992,0.6121
6/17/1992,0.6099
6/16/1992,0.608
6/15/1992,0.6104
6/12/1992,0.6115
6/11/1992,0.6088
6/10/1992,0.6147
6/9/1992,0.6056
6/8/1992,0.6131
6/5/1992,0.6185
6/4/1992,0.6087
6/3/1992,0.6081
6/2/1992,0.6038
6/1/1992,0.6025
5/29/1992,0.605
5/28/1992,0.5996
5/27/1992,0.5931
5/26/1992,0.5963
5/22/1992,0.5629
5/21/1992,0.5608
5/20/1992,0.552
5/19/1992,0.5615
5/18/1992,0.5711
5/15/1992,0.5718
5/14/1992,0.5676
5/13/1992,0.5721
5/12/1992,0.5752
5/11/1992,0.5832
5/8/1992,0.5767
5/7/1992,0.5741
5/6/1992,0.5707
5/5/1992,0.566
5/4/1992,0.5756
5/1/1992,0.567
4/30/1992,0.5785
4/29/1992,0.5697
4/28/1992,0.5612
4/27/1992,0.553
4/24/1992,0.5529
4/23/1992,0.5541
4/22/1992,0.5578
4/21/1992,0.5736
4/20/1992,0.5667
4/16/1992,0.5645
4/15/1992,0.5559
4/14/1992,0.5508
4/13/1992,0.5548
4/10/1992,0.5614
4/9/1992,0.5552
4/8/1992,0.5626
4/7/1992,0.5545
4/6/1992,0.5596
4/3/1992,0.5568
4/2/1992,0.5428
4/1/1992,0.5445
3/31/1992,0.5373
3/30/1992,0.5306
3/27/1992,0.5221
3/26/1992,0.5281
3/25/1992,0.5279
3/24/1992,0.5321
3/23/1992,0.5354
3/20/1992,0.5329
3/19/1992,0.5431
3/18/1992,0.5323
3/17/1992,0.5413
3/16/1992,0.5365
3/13/1992,0.5336
3/12/1992,0.5218
3/11/1992,0.513
3/10/1992,0.5183
3/9/1992,0.5118
3/6/1992,0.5103
3/5/1992,0.5152
3/4/1992,0.5142
3/3/1992,0.5092
3/2/1992,0.502
2/28/1992,0.5152
2/27/1992,0.5124
2/26/1992,0.5087
2/25/1992,0.5135
2/24/1992,0.5158
2/21/1992,0.5271
2/20/1992,0.5284
2/19/1992,0.525
2/18/1992,0.5132
2/14/1992,0.5449
2/13/1992,0.5569
2/12/1992,0.5537
2/11/1992,0.552
2/10/1992,0.5659
2/7/1992,0.5642
2/6/1992,0.5525
2/5/1992,0.5539
2/4/1992,0.5476
2/3/1992,0.5353
1/31/1992,0.5285
1/30/1992,0.5214
1/29/1992,0.5399
1/28/1992,0.541
1/27/1992,0.5539
1/24/1992,0.547
1/23/1992,0.5316
1/22/1992,0.5287
1/21/1992,0.5328
1/20/1992,0.5449
1/17/1992,0.5494
1/16/1992,0.5487
1/15/1992,0.5405
1/14/1992,0.5307
1/13/1992,0.546
1/10/1992,0.5154
1/9/1992,0.4985
1/8/1992,0.4936
1/7/1992,0.5088
1/6/1992,0.5187
1/3/1992,0.5214
1/2/1992,0.5156
12/31/1991,0.4829
12/30/1991,0.4808
12/27/1991,0.5038
12/26/1991,0.5032
12/24/1991,0.5179
12/23/1991,0.5184
12/20/1991,0.5108
12/19/1991,0.5346
12/18/1991,0.5472
12/17/1991,0.5583
12/16/1991,0.5684
12/13/1991,0.5718
12/12/1991,0.5655
12/11/1991,0.5578
12/10/1991,0.5498
12/9/1991,0.5444
12/6/1991,0.5714
12/5/1991,0.593
12/4/1991,0.6033
12/3/1991,0.5947
12/2/1991,0.6151
11/29/1991,0.6172
11/27/1991,0.6182
11/26/1991,0.6169
11/25/1991,0.6247
11/22/1991,0.6206
11/21/1991,0.6356
11/20/1991,0.6373
11/19/1991,0.6443
11/18/1991,0.6539
11/15/1991,0.6748
11/14/1991,0.657
11/13/1991,0.659
11/12/1991,0.6656
11/11/1991,0.6757
11/8/1991,0.6957
11/7/1991,0.7032
11/6/1991,0.7102
11/5/1991,0.7184
11/4/1991,0.7168
11/1/1991,0.7068
10/31/1991,0.6857
10/30/1991,0.6836
10/29/1991,0.6843
10/28/1991,0.6824
10/25/1991,0.6843
10/24/1991,0.6928
10/23/1991,0.6815
10/22/1991,0.6946
10/21/1991,0.7018
10/18/1991,0.6981
10/17/1991,0.694
10/16/1991,0.6844
10/15/1991,0.6917
10/14/1991,0.6908
10/11/1991,0.6754
10/10/1991,0.6745
10/9/1991,0.6805
10/8/1991,0.6706
10/7/1991,0.6685
10/4/1991,0.6556
10/3/1991,0.6561
10/2/1991,0.646
10/1/1991,0.6421
9/30/1991,0.6368
9/27/1991,0.6353
9/26/1991,0.6301
9/25/1991,0.636
9/24/1991,0.6369
9/23/1991,0.638
9/20/1991,0.6259
9/19/1991,0.6185
9/18/1991,0.6185
9/17/1991,0.6111
9/16/1991,0.6206
9/13/1991,0.6168
9/12/1991,0.6117
9/11/1991,0.6157
9/10/1991,0.6135
9/9/1991,0.6157
9/6/1991,0.6228
9/5/1991,0.6259
9/4/1991,0.6296
9/3/1991,0.6457
8/30/1991,0.6412
8/29/1991,0.6319
8/28/1991,0.6224
8/27/1991,0.622
8/26/1991,0.6223
8/23/1991,0.62
8/22/1991,0.6222
8/21/1991,0.618
8/20/1991,0.6632
8/19/1991,0.6496
8/16/1991,0.6067
8/15/1991,0.6041
8/14/1991,0.5945
8/13/1991,0.5977
8/12/1991,0.6012
8/9/1991,0.6
8/8/1991,0.5953
8/7/1991,0.5899
8/6/1991,0.5908
8/5/1991,0.6006
8/2/1991,0.598
8/1/1991,0.5951
7/31/1991,0.602
7/30/1991,0.5896
7/29/1991,0.5873
7/26/1991,0.5877
7/25/1991,0.5841
7/24/1991,0.5809
7/23/1991,0.5768
7/22/1991,0.5916
7/19/1991,0.5944
7/18/1991,0.5894
7/17/1991,0.5983
7/16/1991,0.5923
7/15/1991,0.5906
7/12/1991,0.6001
7/11/1991,0.582
7/10/1991,0.5838
7/9/1991,0.5731
7/8/1991,0.5739
7/5/1991,0.5674
7/3/1991,0.5613
7/2/1991,0.5648
7/1/1991,0.5609
6/28/1991,0.553
6/27/1991,0.544
6/26/1991,0.5371
6/25/1991,0.5365
6/24/1991,0.5376
6/21/1991,0.5433
6/20/1991,0.5451
6/19/1991,0.5363
6/18/1991,0.5389
6/17/1991,0.5377
6/14/1991,0.5368
6/13/1991,0.5344
6/12/1991,0.541
6/11/1991,0.5319
6/10/1991,0.5256
6/7/1991,0.5379
6/6/1991,0.542
6/5/1991,0.5428
6/4/1991,0.5599
6/3/1991,0.5637
5/31/1991,0.5648
5/30/1991,0.567
5/29/1991,0.5568
5/28/1991,0.5581
5/24/1991,0.5553
5/23/1991,0.5609
5/22/1991,0.5603
5/21/1991,0.5608
5/20/1991,0.5605
5/17/1991,0.5591
5/16/1991,0.5575
5/15/1991,0.5552
5/14/1991,0.5475
5/13/1991,0.5453
5/10/1991,0.5513
5/9/1991,0.5608
5/8/1991,0.5566
5/7/1991,0.5576
5/6/1991,0.5561
5/3/1991,0.5473
5/2/1991,0.5388
5/1/1991,0.5427
4/30/1991,0.5357
4/29/1991,0.5529
4/26/1991,0.5587
4/25/1991,0.5594
4/24/1991,0.5647
4/23/1991,0.5697
4/22/1991,0.5723
4/19/1991,0.5606
4/18/1991,0.5575
4/17/1991,0.5613
4/16/1991,0.5563
4/15/1991,0.5699
4/12/1991,0.5605
4/11/1991,0.554
4/10/1991,0.5602
4/9/1991,0.5455
4/8/1991,0.5454
4/5/1991,0.5422
4/4/1991,0.5424
4/3/1991,0.5328
4/2/1991,0.5423
4/1/1991,0.5349
3/28/1991,0.5689
3/27/1991,0.5661
3/26/1991,0.568
3/25/1991,0.5646
3/22/1991,0.5825
3/21/1991,0.5846
3/20/1991,0.5767
3/19/1991,0.5772
3/18/1991,0.5579
3/15/1991,0.5566
3/14/1991,0.5653
3/13/1991,0.5681
3/12/1991,0.558
3/11/1991,0.5443
3/8/1991,0.5539
3/7/1991,0.5555
3/6/1991,0.5608
3/5/1991,0.5709
3/4/1991,0.5613
3/1/1991,0.5457
2/28/1991,0.6536
2/27/1991,0.6441
2/26/1991,0.6373
2/25/1991,0.6195
2/22/1991,0.6014
2/21/1991,0.614
2/20/1991,0.6472
2/19/1991,0.6063
2/15/1991,0.6232
2/14/1991,0.6595
2/13/1991,0.6711
2/12/1991,0.708
2/11/1991,0.711
2/8/1991,0.6722
2/7/1991,0.6552
2/6/1991,0.6635
2/5/1991,0.6306
2/4/1991,0.6172
2/1/1991,0.622
1/31/1991,0.7125
1/30/1991,0.7019
1/29/1991,0.7043
1/28/1991,0.6828
1/25/1991,0.6937
1/24/1991,0.6982
1/23/1991,0.7015
1/22/1991,0.6846
1/21/1991,0.6581
1/18/1991,0.6152
1/17/1991,0.6196
1/16/1991,0.916
1/15/1991,0.847
1/14/1991,0.8898
1/11/1991,0.7736
1/10/1991,0.7708
1/9/1991,0.7709
1/8/1991,0.743
1/7/1991,0.7617
1/4/1991,0.683
1/3/1991,0.7024
1/2/1991,0.733
