0,1,2
0.2426554079124408,0.038319603540186084,1
0.044330361018637486,-0.05667334092684942,1
-0.7867774792867072,-0.7571857600770093,0
0.0040671951125736405,0.13117214078562964,1
-0.1641070653449458,0.15065014297772442,1
0.15693855289734523,-0.00043160728286849304,1
0.8850080232889987,0.5018122938714179,0
-1.014291569539103,0.2168063054654859,0
-0.9492484950567168,-0.7777853663902717,0
-0.21425482577306393,0.005152391702909348,1
0.8938808177761479,0.0069447966367935515,0
0.1642151391195,0.21204976000672826,1
0.028166770706425814,-0.14799281005738835,1
-0.9567253384616236,-0.024667904207850838,0
0.08251831104778728,0.13065117730724693,1
0.677556490745841,0.6406697949146976,0
0.04430734890743551,-0.07840966311081711,1
-0.5413993694948739,0.6640899188323597,0
1.0480107200422066,0.3187158264497697,0
0.4461268854269351,0.8525461475770969,0
0.76465724463605,0.48128490829833,0
1.0185979519186095,-0.19423435463730704,0
-0.8977919086915923,-0.8540271705062465,0
-0.7073502547300163,-0.6681878350993455,0
0.01268423431661395,-0.24559096950804324,1
0.010389988225840502,0.006507135799241906,1
0.986982044235772,0.4205421208591767,0
0.41850872247589177,1.0000981420647748,0
-0.21897060837822382,0.060844810809566295,1
0.8925128260206516,0.08664404821781987,0
0.031143591882742794,-0.13705590933770273,1
-0.0895686110085516,0.19177804407183957,1
-0.11215752669019331,0.19028024202436383,1
-0.15797372135914411,-0.23986091583410107,1
0.4439409519316715,-0.9206134185813303,0
-0.24506088459682124,0.012227301193881261,1
0.10118659805857422,-0.024470068488485416,1
-0.12218922488472916,-1.0400798529139952,0
0.08466580653425512,-0.07028792544740863,1
-0.946973514827935,-0.22703352325445825,0
-0.9135708073297846,0.38364296267284187,0
0.08904081877957966,0.05979733317804207,1
-0.004236483362175553,0.24451528179778023,1
-0.08332867962083718,0.28275155607135083,1
-1.2249154307672971,0.17603238013368694,0
-0.015312562969922006,0.028490393522993776,1
0.018967119147272893,-0.26446436024504427,1
-0.2843707777488504,0.9710580213595825,0
-0.6896030478614814,-0.7466087153150235,0
0.19071849771262406,0.01966857028362326,1
-0.38644941000922395,-0.9321676987424887,0
-0.9300032667374728,-0.49289147187145765,0
-1.0709985019929265,-0.27819985483046283,0
0.6761188580401791,-0.8329254882419517,0
-0.1106884057593002,-0.14845475963921395,1
0.22923488223434035,0.08373654776270327,1
-0.8716130443293066,-0.23129327707734512,0
-1.0113366455234007,-0.24376734222737173,0
0.3607586009702148,-0.021549267355330682,1
-0.6516646608279828,-0.8122114320208782,0
0.18088981424719103,0.25165551516005324,1
0.18054524881424044,0.3114417951042224,1
-0.1947785110604799,1.068250993817725,0
-0.653251736943252,0.5016735894863873,0
0.48061822726860004,-0.8944888446003759,0
-0.8869593000875569,0.6306428092357609,0
-1.119386743778726,-0.11219370588266904,0
0.32950966899910084,0.17355856609048154,1
-1.0053775820729314,-0.1223685324182776,0
-0.03689210769381117,0.2162157458965563,1
-0.14360045980859323,-0.0873549916126599,1
-0.8850960460491667,-0.4503246711997434,0
-0.12973505748199304,0.1892861642995974,1
-1.0536681673861796,0.09457999204129719,0
0.05391595852981157,-0.07699334860925638,1
0.21667028534080807,-0.8548354846848021,0
0.25355682757635223,-1.0943101011063157,0
-0.14627606733009768,-0.10153139167073781,1
0.016027756386202907,0.17789365086001094,1
-0.07490337543387247,-0.01817429582088001,1
-0.9164144575668609,-0.14588033809862738,0
0.7742019200193286,-0.4179723933033565,0
0.17134494426848954,-0.9243612859344923,0
0.02474448209072705,-0.07135343998009851,1
-0.049400089951444986,-0.14927359164438792,1
-0.14340983939640164,0.13542508070885265,1
-0.8586006143031542,0.2641897237850731,0
0.2505459195192397,-0.0658284593295727,1
0.9116403661484287,-0.0382516488641647,0
0.14414302647215882,-0.27256356244336555,1
0.650250848688593,-0.4972730207229815,0
1.0003593283437355,-0.054197977135329485,0
0.1221929035804099,-0.09965404587702648,1
-0.9962014510293623,-0.3474974017831193,0
-0.00811257059704882,0.11286911768912128,1
0.892029634059392,-0.1057041445654145,0
0.20051400505241873,0.025322232695545482,1
0.3371794050401427,0.8890933543789726,0
0.04863774213561853,-0.9458410794608846,0
-0.03827641036474023,0.18913859902548538,1
-0.06820662275463978,-0.08115232655565305,1
-0.12842442766555556,-0.2729615137906261,1
0.43683736456795874,0.7375990645670758,0
0.19475582759704924,-0.2356372565798281,1
-0.7683022936919977,-0.6295408965878102,0
-0.08029926318835154,0.37702990504760586,1
-0.03663286633268811,0.06418253823285389,1
-0.11769545554147812,0.04920702504488851,1
0.06901667053640917,-0.10191544526545883,1
-0.9038335807626967,0.5870675740262791,0
0.3436264067115227,0.9924641935011275,0
0.08266047697292493,0.13765227864412732,1
0.8817640668227833,-0.3456338740895505,0
0.18618324520875346,0.1034501586588765,1
-0.8760861133838376,-0.11874001166915638,0
0.045357868929795986,-0.9983103427668927,0
0.21672720680106086,0.16135090944905672,1
0.060231274205979936,-0.9952890465393468,0
1.0322548007403751,-0.20948153381350348,0
0.36246447531808257,0.1075260486519014,1
-0.05193157366201573,-0.21768546089448887,1
-0.1261707460865526,-0.3361562339789196,1
-0.006329152785543857,0.9912966259513663,0
0.052483988399005324,-0.05068379111144809,1
0.9839377769741415,0.625729111798308,0
-0.014694981577473065,-0.20403409185921303,1
0.18723406134168916,-0.8603149810886863,0
-0.9663613298646219,-0.43768724245090573,0
0.16578003069648908,-0.289675251003529,1
0.07250835202465859,0.2330383233344165,1
0.9298891149008011,0.009277837435733877,0
0.15656094647318788,0.19275350562069207,1
0.024626286409163298,0.24533702457439197,1
-0.09925074842717091,0.12576245614407772,1
-0.24809924865484917,-0.04230798345507556,1
-0.1241426597228259,0.12332756320018523,1
-0.6909627087442368,-0.7634872573600676,0
0.96263401515733,-0.06116511106965988,0
0.2302336393162897,0.04948484521456692,1
0.10484565427155072,-0.21339773613740703,1
0.30171396408128637,0.895355725375367,0
-0.1699049993584964,0.1454203487680778,1
0.08768108148220749,-0.04111084347672057,1
-1.0034185852213036,-0.13007368573799716,0
-1.068987558037767,-0.4637187286314454,0
0.5605184213933254,-0.7349340731855516,0
0.06084175634434698,-0.8001511063941038,0
0.24347031551938614,-1.0743317267041435,0
0.7626533034918557,0.6038502095003965,0
0.9380559611295404,0.6105833573353443,0
-0.8406885777102693,-0.2420554739607203,0
1.0579177072053607,0.5056510044088259,0
0.4867037713901936,-0.9944613461595675,0
-0.033429269281574,0.027711840336064667,1
0.15336801193546845,-0.19047736163255,1
0.03497081139868374,-0.02609431064148496,1
0.8319231966636939,-0.42263550505946024,0
-0.17536280253320466,-0.964918875632054,0
0.005767103660216905,-0.2480305234275308,1
0.9475077934039903,-0.2773773082515869,0
0.2940410315839471,0.19260655726556378,1
0.06491729194155313,-0.11615346623896938,1
-0.18725706066146047,0.1816023703330116,1
0.003749791533100559,-0.15498820001893165,1
-0.009856816462050486,0.07333097822365697,1
0.13430789738044838,-1.0029462826430147,0
-0.6905606462949158,-0.8946981404305725,0
0.28536480724528857,-0.0442389698720745,1
-0.40526763567063206,-1.016923172151,0
0.39735685784416847,-0.7800403765798126,0
0.2634844333283683,-0.17369870714735847,1
-0.2505330606014013,-0.24662688896921386,1
-0.17044572246205658,1.0729782803988057,0
-0.23251737764274824,-0.19378948466947904,1
1.012556046610351,-0.008005959011361322,0
-0.284745612986367,-0.08084117530106258,1
-1.2094640619895194,0.009504482962271826,0
-0.05879639971080807,0.34071885308679684,1
-0.07208627802656332,-0.2522426171309062,1
-0.2868001173673654,0.9069481596834433,0
-0.12359285279349469,-0.13817157283116308,1
0.13588329269413063,0.12409091331662027,1
0.9581456727883026,-0.5038744765812384,0
-0.6331524813812841,-0.7488450982889957,0
0.22198585577381139,-0.12281565684077163,1
0.08200301928838283,-0.17526535911127883,1
-0.17187918954013304,0.06305568304836186,1
0.8229766165261561,-0.40111797410031647,0
-0.19587738508190733,-0.22187517835280038,1
-0.8020522523943336,0.4409088252732134,0
-0.01027912155034491,-0.07038947451461275,1
-0.0870767609857535,-0.10433951301727754,1
0.8366613094741643,-0.6678640604409288,0
0.9032389764538604,0.15970533737830145,0
-0.14223402983507066,-0.005640503579719111,1
-0.17091212759045254,0.21838642179722606,1
-0.13331484373412272,0.15022335324765618,1
-0.7872086136416527,0.30684672020684245,0
0.03536178652351636,0.24748469374274493,1
-0.22849468516631302,1.1308893358519636,0
-0.1908536039922843,0.18146498647554038,1
0.3040661150161511,-0.08081137942334676,1
-0.4055546910489939,-1.022540067454743,0
0.0443011908003276,0.037511065612006206,1
0.059853102367517175,-0.19002529729319942,1
0.07790485908647134,0.3210764556381407,1
-0.17576710086819627,-0.15309593970837782,1
0.21390626744508418,0.014767664035946808,1
0.19696009295410333,0.10892258056294106,1
0.14595304200518286,-0.14031405107866213,1
0.1537899188723133,0.9877748748168936,0
-0.0042486778633475525,0.032620710483059756,1
0.8244034404896179,0.40572923881305234,0
0.13819874319329967,-0.04724905566947593,1
0.03973527990186827,-0.23525643968275645,1
-0.0033745569674934472,0.05841377174821388,1
-0.46510229989711266,1.1341868466328737,0
-0.23618246395315268,1.0949424163010915,0
0.8171434222874226,0.3726464121322344,0
0.01745311205198309,0.10034179668641395,1
-0.1251703006925367,-0.12890451033718012,1
-0.009523129711407619,0.27379573415422725,1
0.14644892529579942,-0.12616855170096333,1
-0.9798540128256714,-0.17576939482210566,0
0.39948869799033887,-0.8659248927689368,0
-0.9314878544944397,-0.6354519537770542,0
-0.024061483121683866,0.21920771725680935,1
0.11702139152777079,-0.0013710422019773127,1
0.8689416931852589,0.26094754739207426,0
0.767975625846983,-1.0122710012045324,0
0.11633086669190756,-0.005514184230865762,1
-0.6963958575419783,-0.6950926375177592,0
-0.09584104155441006,0.21771278667092192,1
-0.31773139503262915,-0.23016448104697637,1
0.4747747998904308,0.6355262260536738,0
0.42770259302323316,0.6937693820194627,0
-0.08696973731662291,0.2303479096785478,1
-0.6758525241658015,0.5487176541212684,0
-0.2839663135133297,0.08045050975616926,1
-0.8145219683766741,0.7692217488573202,0
0.31528331800658604,0.1918656359587375,1
0.9860341530812763,-0.25711005226141725,0
-0.7146937255945789,0.7795819367319747,0
-0.22706555817495072,-1.0628351896324424,0
0.24422412751699948,-0.08322639420745839,1
0.9125984099128399,-0.3173313925133675,0
-0.45467909579875276,-0.9208532126717637,0
0.970206685779784,0.06214933306312555,0
1.148356029450596,-0.36476024518685113,0
-0.3149859609043245,0.1615275869186121,1
-0.8923283132225495,-0.10299857556493901,0
-0.2533231650332534,0.18000457242009044,1
0.4969313459610557,0.7195420553943112,0
0.2639013059577025,-0.07622613109942947,1
0.44655026910687584,0.8106214648555984,0
-0.12368920058876406,-0.3504479122861903,1
-0.12298831278845244,0.3988013494672148,1
1.0440381762438444,-0.36388546959452056,0
0.24426020948646837,-0.33402622082415323,1
1.0640170165264502,0.43551401942349094,0
0.25359261036989433,-0.12312829337983781,1
-0.1535093966907058,0.11021882372839545,1
0.7551308440901237,-0.6553802534657817,0
-0.022346560931753134,1.0329985897456382,0
0.007792704209464846,-0.17057429452215248,1
0.11662545105136758,0.23134414600128345,1
-0.11483233790240303,0.008579374870527626,1
0.7552476827676246,-0.5383786467279739,0
-0.6177493335373833,-0.6869125044684201,0
0.5320392277842729,-0.6840750965541066,0
0.023555782034745842,0.14478679769437397,1
0.0784514933099333,0.13501920995555322,1
0.7490267019192894,0.675225300850435,0
-0.4216820957276079,0.9692420944507223,0
-0.27284385787445165,0.0700286189941483,1
-0.004217725127268472,-0.29214299107927355,1
-0.10025093983306717,-0.386228809344458,1
0.07436736896597237,0.06145656338964317,1
0.6471437042684354,-0.6882475445960805,0
-0.6643762398856448,0.7400234957391798,0
0.18638509823741803,0.04990678639948487,1
-0.588763842095263,-0.7001686662159743,0
-0.2690554560180663,-0.9913284469498505,0
-0.15936449231198252,-0.17196673335019946,1
-0.04813681460839653,0.07973533413053407,1
0.8760078328278159,0.5370801809713517,0
0.032744066780698605,-0.18896090458220247,1
-0.08251309414711289,-0.28842096520776006,1
-0.39842156380876237,0.9884375889762433,0
-1.007702200578859,0.46161578479410126,0
-0.10950304712028369,0.0934120594750629,1
-1.0293451528024773,0.485585275290232,0
-0.2321535994844093,0.02758329089441837,1
0.3879515709869949,0.051576686091201446,1
-0.18620485587591717,0.1076831084809602,1
-0.5773955325030825,0.866005477315516,0
0.15200710494967024,-0.03328683318272705,1
0.10652418297608586,-0.10282797842494393,1
0.9262648709259841,-0.014114633509133598,0
1.0160829684544068,0.1327124326531979,0
0.3179228808938911,1.047988669872798,0
0.4960256212331703,0.8871149312402622,0
0.8508241269332795,-0.23254971110325462,0
0.28670244927148075,-0.9994261420001878,0
0.6553102150909305,-0.7574557077226162,0
-1.126575129497836,-0.10857937240903816,0
-0.0798003662861197,-0.29912544979433564,1
0.19924270056640853,-0.23350038917546634,1
-0.9684387028847692,-0.664120306181177,0
-0.17292549577528027,0.08701165952225312,1
0.13007384541936645,-0.11946852863863446,1
0.038396831848369006,-0.014098757832408049,1
0.13920582561107686,0.0990010298414514,1
0.8673372662830563,0.3794604393944877,0
0.03142252333446582,-0.30700455488401124,1
0.056871665898954295,-0.8646940085469038,0
0.5470762992387596,-0.8037283179835991,0
-0.7873784898960743,-0.3936790585111076,0
0.5836317135882706,0.6023846589271209,0
0.9111848934266146,0.6530379308053683,0
-0.6273705554549845,0.688756454118485,0
0.16367038232682798,-0.04511867085655109,1
0.19975943144018854,-0.07590791348441192,1
0.03367664082863464,0.9753316465253674,0
-0.8380370405453443,-0.47124050170746806,0
0.6447488898079303,0.8804348828564104,0
0.7817238693531678,0.6821650268375865,0
0.19468639010005348,0.08147211800470666,1
-0.9789614253602872,-0.3126606274282961,0
-0.2866120853898318,-0.023618928561191202,1
-0.04060269209734717,-0.29396707668669886,1
-0.043891503478798805,-0.00198881768120311,1
0.7149552745379846,0.6668663847215359,0
-0.12048920876470895,-0.19939344318419738,1
0.8894598361354393,0.5642143108690624,0
0.5739655629854463,-0.7099425413993233,0
-0.08143483583269047,1.0342852324298577,0
-0.11232177558505024,0.06610676283679458,1
0.37383483574262644,-0.9103950906444177,0
-0.46938534412616806,-0.20131347616245837,1
-0.015930138454222448,-0.1739834528301692,1
0.9699628120028714,-0.2535270069910311,0
0.09589227679356656,1.1444379576005965,0
0.8506645237023559,0.006810283090304764,0
-0.35575301998890496,0.7483478755661246,0
-0.3807827868138941,-0.8183546833585532,0
0.12093005430657122,0.9366120543028192,0
0.6800706249351598,0.4519665962741319,0
-0.9121638485339333,0.12632345909296464,0
0.2625499964706981,-0.06481429123112398,1
-0.8091751098422856,0.028949841918283092,0
0.04506491267536367,0.08955466174950044,1
0.016344047669020173,-0.922660425969512,0
0.08187878786053554,-0.18745030398021983,1
-0.0736664225418952,-0.2126555230251422,1
-0.17204711595735758,-0.2342859678808643,1
-0.59303037407026,-0.7771107374979735,0
0.23101691283257936,-0.02979736816919687,1
-0.13866370821681273,-0.15277340293645358,1
-0.23562763491239855,-0.8642746332696276,0
-0.16529968135967885,-1.104112647847335,0
0.8158319787309831,0.06668059314375194,0
-0.7958016754332612,0.794072435760583,0
0.36481942070081014,-0.8337217578350189,0
-0.5278190055666594,-0.8204693983473327,0
-0.7839726625796529,0.5753095943066884,0
0.13315579471491754,-0.08562137628024494,1
-0.2759130477340428,-1.1017979821392176,0
-0.6917693476259786,-0.763258558275436,0
-1.225805931544848,0.20160739709898465,0
0.15838636904363032,-0.17181840168060042,1
-0.6342086347384096,0.8346737974719484,0
-0.70765661168984,0.7600074623315415,0
0.19123267563056173,-0.04987718350089894,1
-0.07469154903807104,0.9899378024473185,0
-0.6802041812684192,-0.5238341291876443,0
-0.18820581540856746,0.020483101953973504,1
-0.043973645805546496,0.12380755237307241,1
-0.6718645351749049,-0.7013868259589116,0
0.6158578611947236,0.8555363808373906,0
0.1896673075896475,-0.03949285663185964,1
-0.2934324137720712,-0.8152428767731182,0
-0.7425480127227877,0.6214082208890899,0
0.09730212531434143,-0.1588233051469458,1
0.4263131454171336,0.08796529913870488,1
0.03676409936395095,-0.1655740831933369,1
-0.03741264542553613,-0.008795953212790308,1
0.8199660133621125,-0.7744150557263789,0
1.1541135164664582,0.1879655687293318,0
-0.16931708496055836,-0.010460899788828248,1
-0.05410697539179363,0.014154473004357265,1
-1.0520380043710464,-0.034882976793976346,0
-0.997441077006958,-0.01028654141750067,0
-0.019524088360346276,0.1877081328603178,1
1.079508162829402,0.46651175505023484,0
0.5562926842632202,0.8809706302577912,0
-0.3552125707357896,0.8935928256393137,0
-0.5561079567003999,-0.7700057063106931,0
-0.2507906834131193,-0.014918057095488713,1
0.9252429057390985,-0.4166207559985757,0
-0.10108697991784989,0.28932952704650927,1
0.038577540440625974,1.1045073148947777,0
-0.060365805929739266,0.05463789682599374,1
0.10832787363170085,-0.9921435741558144,0
-0.0054698353910514145,0.20898044516390968,1
0.018599529776190178,0.07686715152019309,1
0.2082264398793895,0.8631765258566916,0
0.6391694682138985,-0.6465363072035234,0
-0.12372051744411633,0.19173230810748937,1
-0.2350033006144156,-0.12805448543536915,1
-0.04618642070595911,-0.18209664575629514,1
0.27729071932796356,-1.0607278600434251,0
0.1401556484768876,0.09752892021730535,1
-0.01239260554876137,0.13224125926418012,1
0.8325795853589225,-0.5971549110889629,0
-0.912454971398718,0.2470029621717154,0
-0.3598344029838952,0.7988985112040303,0
-0.7135482458852626,0.887446560091939,0
-0.9304931340273118,0.0194897115878159,0
-0.6267900825390608,0.5879486575063936,0
-0.06961752815779794,0.2637939187067068,1
0.0014507316147449323,-0.20081148765660167,1
-0.476652929359144,-1.0314662073458765,0
-0.34184564558033037,-0.164088818372624,1
0.6174495139483449,-0.4613087803034236,0
-0.015385847466573802,0.29143409040491847,1
-0.13011549482853393,-0.0978297652229256,1
-0.3254799962450356,1.0762804318556627,0
1.0508291504401484,-0.04462464390652479,0
0.12364694896653489,0.1835907090262643,1
0.22470357275391725,-0.0070995534142657135,1
0.07189261569229406,0.8645624746026835,0
0.8981121127319566,0.6510234219491922,0
0.2250996722451128,-0.13988881213153623,1
0.4040278424365988,0.20467105383177014,1
-1.0847073344869869,0.3657928512884107,0
-0.7512379728472389,-0.28467522532980755,0
-0.5213700674134489,0.8318219687535019,0
-0.3014010858056607,-0.1755892723193538,1
-0.06792104874214709,0.14330723430163614,1
-0.1172955077035631,0.0666830137263136,1
-0.6382473147447666,0.8988073367281919,0
0.2180088346837814,-0.15207497664571282,1
0.48289427694104636,-0.7934702031013237,0
0.2591965220715352,0.9690219578974218,0
-0.30684984680187255,-0.11766757730653987,1
-0.024006456149416017,0.14061526695445103,1
-1.0029097394876159,0.15555521572692393,0
-0.24643655896971364,-0.8425194331102419,0
0.039033813114726985,0.12011766808780172,1
-0.1888651694266526,0.14762427517209883,1
0.03381583511022164,-0.19771788157827175,1
0.9021807746330754,-0.19863523545869505,0
0.10950804511274356,-0.014902812751889788,1
-0.9258515110226979,0.2676271030462916,0
0.15174461246476656,-0.9478780274327858,0
0.023060010443970172,-0.201698504389495,1
0.5826456624185927,-0.9452842923792383,0
-0.6721184086956069,-0.5730392257245507,0
-0.1693307252604977,-0.05804697263281797,1
0.1101051495842476,-0.20585974173760666,1
0.8991301272218741,0.0026049306753013757,0
1.1503928364764042,-0.2515305192690812,0
-0.9525037697125424,0.11483405430796689,0
0.11243635707186644,-0.09054017972098213,1
0.9882005067504291,0.03394454639532099,0
-0.037055520769690486,0.16703005234520305,1
0.11425346185761567,0.04683295726333455,1
0.26860958526948636,-1.0845545782681336,0
-0.11717542293511478,0.12709309592164536,1
0.033077559826211654,-0.1491770955248818,1
-0.2526108076837289,0.041372138276329726,1
0.15754911920304387,0.891874216774169,0
-0.7980224278293948,-0.6900505797526422,0
0.10479915279887977,0.21553213695045814,1
-0.12411425247945236,0.12276235722900904,1
-0.8663590652397455,0.5079951552802482,0
-0.7224723395679739,-0.5937670081227385,0
0.7497495725372685,0.5602795249235483,0
0.5017981086247475,0.8826831374101012,0
-0.2874844985502396,-0.8142352125660679,0
0.10625292911366015,0.2970697883647922,1
1.0593089405845513,-0.4324535995572652,0
1.1047620980307782,0.37946132403359617,0
0.013401838209328,-1.0398757402052978,0
0.029913101645394513,0.1052804309412949,1
0.8169534016437736,-0.8447548094328412,0
-0.8914937768753036,0.4687704051070835,0
-0.42953367113113083,0.028019354563057194,1
0.16464026067303322,-0.03490771911667003,1
0.0060545065016840635,0.25415306355565187,1
-0.10214189358167658,-0.13890831188493852,1
0.41149448000216393,-0.17565657139393853,1
-0.15852998061752835,0.17250110705118818,1
-0.9370904738874335,0.5436241233826501,0
0.17393276697436602,0.2959970120288653,1
-0.940654382560306,0.7564362256758719,0
-0.22106497025410188,-0.9002910748268736,0
-0.12431680776219453,0.3310508323903604,1
0.056780944345587114,-0.9405150145487972,0
0.040185102377130494,0.292321187791742,1
-0.6077185150566482,0.7998139261642012,0
-0.2561884015306141,0.18758268090013575,1
0.410777982181616,-0.9817189740168158,0
-0.6877047290188079,0.6326939580048643,0
0.16428116219643435,0.3662261753528594,1
0.45155873613077385,-0.7061853991114887,0
0.22591768704369802,-0.01098010811321537,1
-0.037748550126563675,0.14871670865187464,1
0.7195679056621578,-0.6936173412906425,0
-0.27691880040496797,1.0938987781067764,0
-0.9955703380459946,0.27140760272016506,0
-0.5131727205264954,0.779321441144422,0
0.5671120735753223,-0.8574790251237852,0
0.25201603308677,-0.03253874902240858,1
0.03447561812650243,-0.14959665920409132,1
0.10372666312841888,-0.1441254270459765,1
0.00479042110832028,0.21917821020779593,1
0.4162475213125305,0.8638472060521645,0
-0.08304905313841505,-0.18482369662048456,1
0.9325206059228446,-0.040426868338412435,0
0.7253690472400519,0.8617469950820174,0
0.6071830568021173,0.8025965252873377,0
0.21699244628115094,0.3057075734443545,1
0.9241980322185133,-0.25857443003656444,0
0.24678219120392555,-0.8515547835744748,0
1.2543592841315614,-0.2215867293220936,0
-0.10492349154722516,-0.03546386078325438,1
0.26254388054258304,-0.016507723834311823,1
0.09407010527638038,1.0375531570974137,0
-0.3339988218616793,0.11056805443407429,1
-0.11864210638974285,0.3062305682954636,1
-0.8475726321819966,0.3320394260519204,0
-0.6175161100871034,-0.7861761090989194,0
0.33517828173264985,0.9550885373127945,0
-0.26786792173752905,0.06595391217869481,1
0.9726934542888652,-0.4443620438475011,0
-1.028495439460159,0.39609172159167894,0
-0.03403377841942479,0.9293488059667955,0
-1.01755866208513,0.06204207571651237,0
0.1485928197848843,-0.03591171014958899,1
0.024386458583253973,-0.21292397871210023,1
0.015833471312391104,0.18801592699043262,1
-0.2352372947433592,-0.1819070893619136,1
-0.12347758088896821,-0.8817843279255754,0
-0.09652748871861636,-0.35220385417588446,1
0.9005665449882506,0.36466799719473697,0
-0.018053066880185945,0.2996568573873682,1
0.6387696467279373,-0.6875811794486879,0
0.016037244971489707,-0.23906228552133033,1
-0.11026202245104749,-0.2021164072635571,1
1.0460381574737627,-0.11138899538360819,0
-0.09482786951920934,1.106471326146036,0
-0.22176970260529844,-0.9181037683595465,0
0.0006380969430617124,-0.1940462887826917,1
-0.373176187752843,0.06228406347929962,1
-0.12779904566068767,-0.012798321263255752,1
0.03637702833238032,0.11224273261564299,1
0.1785569429591337,-0.31346795530795973,1
-0.6274823960416991,0.4573856324097727,0
-0.25896586960769197,-0.0671968895379879,1
0.021835753432740537,-0.8626668324681055,0
-0.19631151720976203,0.13209235185384513,1
-0.46230230551825197,-0.9120895578783219,0
0.6046343297988961,-0.8638878993809433,0
0.06325783604282205,-0.11405964491000961,1
0.29378185581157734,-0.11280824321466143,1
0.8325337903478858,-0.5189742990113073,0
0.6727138507891117,0.6039660444684931,0
-0.18611477189314293,0.012695115645397572,1
-0.1979521449517828,-1.178935489760962,0
-1.0310217363387086,-0.0006253830593297705,0
0.30366368112368014,1.0986624014772455,0
-0.18345241393890177,0.05260885139552851,1
0.22949456023365666,0.0696895663369173,1
0.0739984543208775,0.912520228444925,0
-1.00487782869211,-0.24328538950144152,0
-0.31773131185195524,0.05980122912767903,1
-0.03163858479723075,0.005326941088244108,1
-0.03633076396119386,1.1344913454622672,0
1.0279560760965027,-0.01395839285501678,0
0.21149516510714997,-0.10282378357142974,1
-0.07169235464332441,-0.07616549691470903,1
-0.17146648816173987,0.037639851542264166,1
-0.23621017727289167,-0.4289317435862059,1
0.3051783368130542,-1.0831166565524317,0
-0.15771248997882903,0.0974129511137474,1
-0.28881014863881077,-0.9817258728012842,0
-0.35871703051065007,1.0852639774357244,0
0.08672152339299721,0.2396725802831483,1
0.284526953335535,0.06142752011889342,1
-0.3319951247911287,-1.033143947276532,0
0.176180352188661,-0.18112601990207508,1
0.24170867180556108,0.14037376964738502,1
0.0408558667336579,-0.10726264470288283,1
0.8731923435511176,0.8546254019246223,0
0.3686139205910398,-0.9513567281562746,0
0.09064326646313897,0.011337904456566739,1
1.1178965650062822,-0.4969272645076762,0
0.8138031330121488,-0.3208190421083064,0
0.015628467489591014,0.20116426784188562,1
-0.14525751674959703,0.14274422735324835,1
0.24104571459377977,-0.16282189549653547,1
-0.15267876037140768,-0.36117495402326494,1
0.005163557004085814,0.21487984593619638,1
0.07728186759143282,-0.26063194007228274,1
-0.9154501180483178,-0.6230454967598323,0
-0.0815473388497566,0.15268454281644595,1
-0.15315764229177645,0.2904016991404192,1
0.16687844958519898,0.25215057780556205,1
-0.6456806857354268,0.6809691014705948,0
-0.36569785538593014,-0.8237166310709138,0
0.6664538553812878,0.4472574716922109,0
-0.015615226599800691,0.022465249875675497,1
0.20047940687116034,-0.1050692968763149,1
1.04863861887861,-0.1201974145593201,0
-0.20951213628802548,-0.1052077234005696,1
0.842459956979397,-0.6080950100188359,0
-0.2366029056472624,0.17274930766475746,1
0.6894792180166736,-0.5324334226682756,0
0.20666278697420248,0.23258070592314203,1
-0.3735030564361886,0.2011577445593526,1
0.10822052341133614,-0.264395886502543,1
-0.8716151330395262,0.3928216547787732,0
-0.16049484606372494,0.33672741311829224,1
-0.0058417926447814905,0.11917647114975993,1
-0.8820319789111308,-0.32733039217965515,0
-0.4173377039307593,-1.1104013456025512,0
-0.12937649848890648,0.19171968808445705,1
0.8832060350978417,0.1410423481655347,0
0.1190550680050956,-0.13680028086334672,1
0.7638617719808416,-0.48954247861451816,0
-0.29908388513394896,-0.12049179697670624,1
-0.046340937374904106,0.07030610487175144,1
0.08830649934709733,-0.30285250880986103,1
0.08788954923826009,0.07069753850532325,1
0.17859855202670333,0.20140464599545266,1
-0.2753023277511365,-0.000227430747046245,1
0.03437404865923094,-0.23902263834120202,1
0.1916847779943961,0.0879877832751446,1
0.07982999074186199,-0.2874806717830949,1
-1.008444214943985,-0.32435022582292145,0
-0.8234534380575591,-0.3793318565990507,0
1.0916109792189936,-0.6334747499715945,0
0.5868272115651905,-0.8109877935029034,0
-0.7753805904372576,-0.3010275262377867,0
0.06231211598804892,0.8130215482401683,0
0.04200290985889392,0.1599057782732727,1
0.24286462215740706,-0.11286592895810046,1
0.8890970612280235,0.041476287742517146,0
-0.0554955315257653,0.22262367655749804,1
0.8248474201835524,-0.40144213058709055,0
0.013686918945763474,0.13351003833742603,1
0.3178383118315372,-0.0033039212302182763,1
-0.3929193140876529,1.0722056126237511,0
0.3528297671706636,-0.08418734155515264,1
0.1033656600412568,-0.04354702542751247,1
-0.10578562916479783,0.16175999522477438,1
-0.18038605436751348,0.05012086093389571,1
-0.8016210337625498,0.7468599847672568,0
-0.6871117534791427,0.6643207842326194,0
-0.025492130684459987,0.3610270789694645,1
0.1432764241637742,0.08663539128607829,1
-0.00393006511727532,-0.35488541655317507,1
-0.4692224595826644,0.7798094708392941,0
0.2882764759398134,0.8358589041909149,0
0.9964635710744629,0.29650098892080823,0
-0.016534150058852684,0.2496041084438252,1
0.11653633040280634,-0.3579254336385449,1
-0.02743945891200053,0.3141708184126833,1
0.10982468019703756,0.05199880135828661,1
-0.4222498174864212,-0.8950420507824315,0
0.8462250914259914,-0.21171518146138385,0
1.0295008767842393,-0.0448102444886491,0
0.29000151694900556,-0.10937285071075688,1
0.3646759633437439,-0.9181915252942351,0
-0.09842408759066218,0.013781412104423888,1
0.3397222746979952,0.8536900169965147,0
0.5543112585109682,-0.7546380834527142,0
0.3520166700587709,0.9250445452316945,0
-0.013926748086038415,-0.151266185293737,1
0.08630944657116961,-0.19241457923457403,1
-0.04955328304611307,0.1779521672250839,1
0.5977179768980492,-0.904706901569468,0
-0.11567009407308255,2.5040497302092346e-05,1
0.2446760155945243,0.008801671771475783,1
-0.27189502077912525,-0.13549762356321032,1
-0.12176813244317197,0.062407483991304205,1
0.1176456738348132,-0.2221020741719512,1
-0.08345563688253871,-0.08566688114741014,1
-0.5644712546680619,-0.8071417549744362,0
0.16773015429629015,0.17544610705787747,1
-0.343357895160484,-0.8359491031654682,0
0.7083659798161948,0.9090830093580795,0
0.14659523407035085,0.07658457974445063,1
0.2576737959641102,0.10559386353666027,1
-0.5918659712451826,-0.8730691341951888,0
-0.9378356498565211,0.2633896381944656,0
0.16545743490824866,-0.21412068814779797,1
-0.3495890748200703,0.9228772761594459,0
-0.822630775938141,-0.556766420900778,0
0.8347227686961983,0.607010386331426,0
0.1522599776706251,0.8840824464991192,0
0.20605085849596907,-0.02273927595449476,1
-0.1615179836687827,-0.2650694162810482,1
0.27392918850627235,-0.06876926827732509,1
-0.6902715736216107,0.7826493847175298,0
-0.6865100764214412,0.9707103901222249,0
-0.3768915531750651,-0.8752294924807271,0
-0.09532449992181757,-1.0495951863177506,0
-0.12161671588652212,-0.17515295372360407,1
0.15508671517155687,-0.23951044409865274,1
-0.10542191635853324,-0.10042587377208255,1
-0.08803583686067633,-0.11624450058032919,1
-0.8276760527409768,0.7029208072568999,0
-0.24343038366737912,1.0157677935503695,0
0.8490893437578098,-0.5975389376510415,0
-0.08045612051351632,-0.27249384218914613,1
-1.0232307337405144,-0.22930618342901204,0
-0.07484620124254067,-0.2760783332690504,1
-0.9077639761708649,-0.6166632371545537,0
0.10683048383168323,-0.09904912651017128,1
0.11251726829715883,0.1230201975804908,1
-1.087272473992094,0.39519819765417097,0
-0.12672733829018462,0.30547298533403733,1
1.1011522941838234,0.5123880777686747,0
0.28153794916564645,1.1883662513600464,0
0.9023850050224016,0.43435273155423265,0
-0.3074156360646894,-0.6953763988137253,0
0.6336923449823504,0.5347406322771175,0
0.35679910158586003,-0.19226271608689594,1
-0.8947315272322073,0.710418564084746,0
0.4734541862814531,-0.641941312118059,0
-0.28425725891474823,0.004552679827607269,1
0.32698669120904866,-0.9536736087214837,0
-0.20660622817675547,0.08507929121882002,1
-0.8956818388869976,-0.46350460498336177,0
0.6044889840457096,0.854830439144618,0
0.1256491290891008,-1.10323340886098,0
0.20197873271909828,-0.037326641858134835,1
0.17890407325411198,0.06697906381291031,1
0.051208733205046264,0.08873447392846334,1
-0.054003314688089374,-0.1843129551228697,1
-0.2090209469807036,-0.3823034633668576,1
0.09743730311497076,-0.3409632427133503,1
-0.11740884471436214,-0.033187368674643336,1
-0.9337851445052178,0.5466020064479364,0
0.26166490897848227,-0.016924035550351477,1
-0.1735379094679782,-0.21196980844694363,1
-0.11715540530200602,0.09974343622214635,1
-0.01328218192119271,0.24910714192471528,1
-0.09495846417245846,-0.19654384768202598,1
0.46299501122054576,-0.9117737706415187,0
-0.08270049114448687,0.16782981310480777,1
-0.10093765078920307,1.0017537917809203,0
-0.7984113132490159,0.5014326694537826,0
0.12402708923820059,0.20414650165840595,1
-0.10713717390338098,-0.27301461790214426,1
-0.16647292088415713,-0.22487474123393233,1
-0.041381644279392546,-0.31414313445355857,1
-0.10605691735379545,0.04499969322471044,1
0.18963819368136112,0.017861538444228636,1
-0.1305757067102045,0.08199218293488122,1
-0.1941085232324999,0.025776057066687258,1
0.2342624216168895,-0.3036646923502378,1
-0.3869625608220798,0.15327031365374838,1
-0.9836960586975347,0.22613305767153102,0
0.8967044361352903,0.7185324373536057,0
1.140195569752469,0.3666664209267022,0
0.09691459268667622,-0.9330603307991382,0
-1.0085790712074454,0.43190319558718765,0
-0.2083671067893052,-0.009319180300904728,1
-0.04613960541407074,1.0382160218924843,0
-0.3332106332475121,-0.8469698808333036,0
0.008824894412993417,0.9640156569968398,0
-0.6129569826013956,1.0245167919583607,0
-0.9790202801785761,0.376891034839238,0
0.5886583036963824,-0.92368394863129,0
0.2084752045023308,0.027657422733605982,1
-0.9052890297357373,-0.22505666565626042,0
0.07024262787363449,-0.09289382291018321,1
0.06467320418028709,0.19063993578586086,1
-0.09674879678498045,-0.11727554389466728,1
0.2703016078432939,-0.22477956524187892,1
0.3077613264267243,0.2649848798378013,1
-0.5626397292700929,-0.6406578342593094,0
0.8232120905462539,-0.40807942360053384,0
-0.5205780567781867,-0.8617429528217417,0
0.025405824336919066,1.057275827114926,0
0.07800515091581461,0.10717061341161727,1
0.23581623437564558,0.019608644473147543,1
-0.9431080274975847,0.17054589197260134,0
-0.06250145817181516,-0.010640640485443331,1
0.11183707444771555,0.26743017943281977,1
0.6566174856321269,-0.6341808806935214,0
0.06953186851776433,0.9272291406172256,0
1.0075894082457426,-0.4857946326350271,0
1.301603868982495,0.36957998400066505,0
0.30841061505929646,1.012940982974153,0
-0.3878353641798772,0.8527441108536211,0
-0.40938857871690193,0.9787954267089229,0
0.0510446982093348,0.13939805896540136,1
-0.18365363202213353,0.19983514760368692,1
0.028560645076729056,0.10232647819140822,1
0.891338040452887,-0.46545957111902575,0
0.0736189171572891,0.08965144771102697,1
-0.13943519164411255,0.9364920983451532,0
-0.26314921272420294,-0.06583195043287207,1
-0.8635792402816036,0.012367940299341462,0
0.23094202194107916,-0.08232272957616063,1
-0.5763607242762193,-0.691701900531057,0
0.020089861372664844,-0.28792955686459737,1
-1.1500209569100213,0.12476780065963548,0
0.8715489341143224,-0.6279445860852224,0
0.29274905668272705,-0.9778881108163431,0
0.12397504858211653,0.21348156943738614,1
0.9319820784337135,0.17845573041197962,0
-0.6139000146766085,-0.8001350479398429,0
-0.7897246962191874,-0.7276546939365056,0
-0.8942131618522375,-0.49889657047918184,0
-0.9639024590109515,0.4043096587570458,0
0.40950078489894903,0.9032410252002269,0
0.12005888859657914,0.1798710341357505,1
-0.22643325910385398,-0.18797944538751282,1
-0.04148461595747813,0.16830423128558905,1
-1.0693085239946232,-0.28201881369020987,0
-0.8332128868248988,-0.2292980483337127,0
0.12678257735152626,-0.07598106700968821,1
0.22242485892732444,-0.05831472703372316,1
0.7366581407249512,-0.6271816824418249,0
-0.6435361172092661,0.8185390385758031,0
0.05140561298997774,-1.1036612819969271,0
-0.0796259821802684,-0.1271077288767235,1
0.18788866942666607,0.05739641802651578,1
-0.9303326124820307,-0.2685724356219593,0
-0.36903815752802926,-0.06355918329256934,1
0.16584409019626428,-0.10534850965039261,1
-0.6525371008251535,0.9124590908983704,0
0.9272339138455583,0.3361461800031642,0
0.5383366055423316,0.9646936722542511,0
-0.7732387703776129,-0.4879747049565757,0
-0.2526184244840083,-0.04198824908915293,1
1.054429040530468,0.10732829975938368,0
0.8119578616759976,0.32677198303974037,0
0.6205252592303155,0.921615357034156,0
-0.20313800483832667,-0.07800034456197466,1
0.9425136241764142,0.5095190508721615,0
0.13223903097635814,0.0009450249875653863,1
0.4908127931238046,0.5063848629475187,0
0.9546544152286167,0.4934084718839345,0
-0.1441555103497345,-0.11525002830132446,1
0.3297659760346207,-0.7883415091139208,0
0.02782071571761638,0.14099111859910587,1
-1.0025594264114228,0.5405386845108519,0
-0.18691291170712832,0.8498487609802341,0
-0.2617054810296309,-0.06315568310824479,1
0.09497612564606389,0.10674641485150894,1
0.07173371818607213,0.9679137513902447,0
-0.3349452127757657,0.08557716396558107,1
0.14920112146000758,0.008315570078908069,1
0.39213977049761867,0.8433291862118152,0
0.005792226303336059,-1.0789932352652325,0
0.00794062029448675,0.9365086156648563,0
-0.22295866904148604,0.23857107305448538,1
1.0223889082891342,0.3964093079364656,0
0.023526967458674573,-0.09107942630911856,1
0.1386490351017748,0.20456823303592564,1
-0.07299684751581303,-0.9017930885233597,0
0.1847067614688943,0.18044488420329102,1
0.03988689946941662,-0.817897008757273,0
-0.6625607015385291,0.4574031046341739,0
-0.02962195175274733,-1.15109870160282,0
0.22171782842897295,-0.04243377969157705,1
-0.03375383155575875,0.20927319397691108,1
0.18046052741211624,-1.0832303898364855,0
-0.1688417833505581,-0.26899390325179334,1
-0.2213586091070333,-0.07312881334604299,1
-0.9095103710038286,-0.44277279622757604,0
-0.24776100460598166,0.18688875331811045,1
-0.9846793636302578,0.1933490537548765,0
-0.14694795036829786,0.3148317570668163,1
-0.8062759363217316,0.6632479574420386,0
0.3905522520077477,0.9668195939217683,0
0.1108139646307715,-0.30752964142261613,1
0.1333044850714483,-0.11084635962014061,1
-0.5025312508251664,0.734807140499596,0
0.10502482300438493,0.20884315614935517,1
-0.6175547733144305,-0.49736326188809177,0
0.25577245237451807,0.25712114785529605,1
-0.07289814673544094,-0.08986554508130595,1
-0.11985043420346247,-1.1012020338837016,0
-0.1472060288961641,0.06781152272702129,1
0.026205679410972543,-0.23330012966523966,1
-0.9187347674546161,0.23865439140479233,0
0.02147827115683064,0.12059674627199943,1
-0.22318373148060758,0.9656576889899844,0
-0.042001854422486856,0.043083529654032005,1
-0.6813703050056323,0.884336942029732,0
-0.10865498717436584,-0.1736854919052418,1
-0.12315576197291431,1.0313073159645016,0
0.08153929331753548,-0.00892922245672613,1
0.8273434497058734,0.5259039238365774,0
-0.13715083771424666,-0.030485096703098766,1
-0.5686625626329452,-0.6459419441508616,0
-0.7488397281710821,0.35617792513446517,0
0.5302390948588033,0.8273489128157132,0
0.07465137924668253,0.06631900387941045,1
0.24942978687576808,-0.08061310608149927,1
0.26310416563029276,0.20339391108600022,1
0.1216561677944839,-1.112484321091259,0
0.15842583717109307,-0.267796962736119,1
0.3791698425197368,0.8160942442289696,0
0.46977951671853546,1.0981431131569273,0
0.5403816213213869,-0.7169222959646758,0
-0.023776306609767373,-0.12247130836687353,1
0.024640562646767783,1.140580155557649,0
-0.02199062934333587,-0.09849598465892052,1
-0.7581477306899448,-0.4017767545169997,0
0.8620730481684201,0.6572796797621477,0
-0.7398402077503725,-0.742063901457441,0
-1.060847540941529,-0.09339885233148892,0
0.12476633106153079,-0.3161475689099936,1
0.22837446336739867,-0.1760047788919247,1
0.8108796608165643,-0.8289960296634546,0
0.9131960816145233,0.5526041522667455,0
0.07861638958823258,0.3535939859904771,1
0.10176853307660819,-0.9172604349658519,0
-0.4034478625855314,-0.8969177676361589,0
-1.0689897536531576,-0.3296483875631421,0
-0.2136273399803314,-0.02184212393978722,1
0.9009233538868128,-0.10786043321439176,0
-0.09590048757333158,0.04176275134651493,1
0.11447768467867007,-0.1312075901722523,1
0.6207827746603781,0.8270342960439268,0
0.10760810398013389,-0.030346119747261813,1
0.13206789252374274,-0.3278811634649523,1
0.06841007042950864,0.8138754151210228,0
0.16970736179493773,-0.11105061996797408,1
0.8685057538371861,0.3147926378202974,0
-0.7826540834553246,0.7806583313416134,0
0.013432861966393903,-0.3160794778789308,1
1.0690821814543383,-0.584191144152987,0
0.33425394295041305,0.0215662949482147,1
-0.22279536592128985,-0.01239874452993947,1
-0.3136853928664518,0.8469375222311092,0
-1.0081789454431669,0.05031289988368074,0
-0.06143953213387464,0.16679804580123841,1
0.20109862775743045,-0.06805293175006137,1
0.3443591003786337,0.12281865066270167,1
-0.19408171464447568,0.09544580794067574,1
-0.17295670403006877,0.02254832854670269,1
-1.0838512961318432,-0.2473595375077853,0
-0.9359133671574871,-0.5542059287100594,0
0.6304898568021905,-0.7587845330776792,0
0.07944278627149459,-0.14691891479816394,1
-0.2919235624872112,0.7359846715799168,0
-0.15798244799516026,0.15131493013931413,1
-0.12054303816511915,-0.1210022496776048,1
0.23636262645155995,-0.01598156143959019,1
-0.6393010986540115,0.6923397150095091,0
0.4404983867488349,1.1891539188129578,0
-0.018489985682142704,-0.24040186161846983,1
0.7510839189337293,-0.5115316045217815,0
0.6634800553833606,-0.6733361597017207,0
0.06845706078196731,-0.24212557311151933,1
-0.22264697337625833,0.18670380668679726,1
0.002358937993573479,-0.03912549707579084,1
0.017638628947719615,1.0989616471934855,0
0.0772121527852227,-0.25382891204838975,1
-0.2561980909553173,-0.09214471335375898,1
0.747168065822816,0.5921869767705809,0
-0.16139380564137862,-0.36250993339364207,1
0.19779299843014125,0.06583419543191123,1
-0.22697620102483212,0.41751877890072575,1
-0.2183975753506475,-0.21553707912908276,1
0.10375104212164935,-0.1599519642905229,1
-0.5773921536774274,0.8141700503063217,0
0.563932571580408,0.8820039251429266,0
0.3978864776769379,0.20573709243173255,1
0.9464336403140754,-0.39490694692556066,0
-0.009000727410444775,0.11855799015916998,1
-0.6572632452774211,-0.6373694392972521,0
0.37978876344876433,-0.9826761682077811,0
-0.0026255308523266963,0.0701705031583664,1
0.8802494325096292,-0.5140889807006476,0
0.5667916449482061,0.8224734602774298,0
0.07943689645238983,0.2882329012523168,1
-0.25974529395452095,-0.14748735119289183,1
-0.35567340228182576,0.08719767423343508,1
-0.9130419751204646,-0.4705361946315121,0
-0.22134184975100837,-0.027125749385815343,1
1.0560175009223303,0.0294656343508045,0
-0.27248382553194755,-0.9643852919736132,0
-0.18374345572827666,-0.03900534088948415,1
-0.3567709772530394,0.12830579341067477,1
-0.06040969335557537,0.04742757129260461,1
-0.7873542107112953,0.6891037112200401,0
0.016123598379936047,-0.005480339769754955,1
0.2062471469564821,0.09769677272950159,1
-0.1918663094668472,0.0891667247097545,1