Id,LotArea,OverallQual,YearBuilt,RoofStyle,TotalBsmtSF,CentralAir,1stFlrSF,2ndFlrSF,FullBath,HalfBath,BedroomAbvGr,KitchenAbvGr,TotRmsAbvGrd,GarageCars,GarageArea,SalePrice
1,8450,7,2003,Gable,856,Y,856,854,2,1,3,1,8,2,548,208500
2,9600,6,1976,Gable,1262,Y,1262,0,2,0,3,1,6,2,460,181500
3,11250,7,2001,Gable,920,Y,920,866,2,1,3,1,6,2,608,223500
4,9550,7,1915,Gable,756,Y,961,756,1,0,3,1,7,3,642,140000
5,14260,8,2000,Gable,1145,Y,1145,1053,2,1,4,1,9,3,836,250000
6,14115,5,1993,Gable,796,Y,796,566,1,1,1,1,5,2,480,143000
7,10084,8,2004,Gable,1686,Y,1694,0,2,0,3,1,7,2,636,307000
8,10382,7,1973,Gable,1107,Y,1107,983,2,1,3,1,7,2,484,200000
9,6120,7,1931,Gable,952,Y,1022,752,2,0,2,2,8,2,468,129900
10,7420,5,1939,Gable,991,Y,1077,0,1,0,2,2,5,1,205,118000
11,11200,5,1965,Hip,1040,Y,1040,0,1,0,3,1,5,1,384,129500
12,11924,9,2005,Hip,1175,Y,1182,1142,3,0,4,1,11,3,736,345000
13,12968,5,1962,Hip,912,Y,912,0,1,0,2,1,4,1,352,144000
14,10652,7,2006,Gable,1494,Y,1494,0,2,0,3,1,7,3,840,279500
15,10920,6,1960,Hip,1253,Y,1253,0,1,1,2,1,5,1,352,157000
16,6120,7,1929,Gable,832,Y,854,0,1,0,2,1,5,2,576,132000
17,11241,6,1970,Gable,1004,Y,1004,0,1,0,2,1,5,2,480,149000
18,10791,4,1967,Gable,0,Y,1296,0,2,0,2,2,6,2,516,90000
19,13695,5,2004,Gable,1114,Y,1114,0,1,1,3,1,6,2,576,159000
20,7560,5,1958,Hip,1029,Y,1339,0,1,0,3,1,6,1,294,139000
21,14215,8,2005,Gable,1158,Y,1158,1218,3,1,4,1,9,3,853,325300
22,7449,7,1930,Gable,637,Y,1108,0,1,0,3,1,6,1,280,139400
23,9742,8,2002,Hip,1777,Y,1795,0,2,0,3,1,7,2,534,230000
24,4224,5,1976,Gable,1040,Y,1060,0,1,0,3,1,6,2,572,129900
25,8246,5,1968,Gable,1060,Y,1060,0,1,0,3,1,6,1,270,154000
26,14230,8,2007,Gable,1566,Y,1600,0,2,0,3,1,7,3,890,256300
27,7200,5,1951,Gable,900,Y,900,0,1,0,3,1,5,2,576,134800
28,11478,8,2007,Gable,1704,Y,1704,0,2,0,3,1,7,3,772,306000
29,16321,5,1957,Gable,1484,Y,1600,0,1,0,2,1,6,1,319,207500
30,6324,4,1927,Gable,520,N,520,0,1,0,1,1,4,1,240,68500
31,8500,4,1920,Gambrel,649,N,649,668,1,0,3,1,6,1,250,40000
32,8544,5,1966,Gable,1228,Y,1228,0,1,1,3,1,6,1,271,149350
33,11049,8,2007,Gable,1234,Y,1234,0,2,0,3,1,7,2,484,179900
34,10552,5,1959,Hip,1398,Y,1700,0,1,1,4,1,6,2,447,165500
35,7313,9,2005,Hip,1561,Y,1561,0,2,0,2,1,6,2,556,277500
36,13418,8,2004,Gable,1117,Y,1132,1320,3,1,4,1,9,3,691,309000
37,10859,5,1994,Gable,1097,Y,1097,0,1,1,3,1,6,2,672,145000
38,8532,5,1954,Hip,1297,Y,1297,0,1,0,3,1,5,2,498,153000
39,7922,5,1953,Gable,1057,Y,1057,0,1,0,3,1,5,1,246,109000
40,6040,4,1955,Gable,0,N,1152,0,2,0,2,2,6,0,0,82000
41,8658,6,1965,Gable,1088,Y,1324,0,2,0,3,1,6,2,440,160000
42,16905,5,1959,Gable,1350,Y,1328,0,1,1,2,1,5,1,308,170000
43,9180,5,1983,Gable,840,Y,884,0,1,0,2,1,5,2,504,144000
44,9200,5,1975,Hip,938,Y,938,0,1,0,3,1,5,1,308,130250
45,7945,5,1959,Gable,1150,Y,1150,0,1,0,3,1,6,1,300,141000
46,7658,9,2005,Hip,1752,Y,1752,0,2,0,2,1,6,2,576,319900
47,12822,7,2003,Gable,1434,Y,1518,631,1,1,1,1,6,2,670,239686
48,11096,8,2006,Gable,1656,Y,1656,0,2,0,3,1,7,3,826,249700
49,4456,4,1920,Gable,736,Y,736,716,2,0,2,3,8,0,0,113000
50,7742,5,1966,Gable,955,Y,955,0,1,0,3,1,6,1,386,127000
51,13869,6,1997,Gable,794,Y,794,676,2,0,3,1,6,2,388,177000
52,6240,6,1934,Gable,816,Y,816,0,1,0,3,1,6,2,528,114500
53,8472,5,1963,Gable,816,N,816,0,1,0,2,1,5,2,516,110000
54,50271,9,1981,Gable,1842,Y,1842,0,0,1,0,1,5,3,894,385000
55,7134,5,1955,Gable,384,Y,1360,0,1,0,3,1,6,2,572,130000
56,10175,6,1964,Gable,1425,Y,1425,0,2,0,3,1,7,2,576,180500
57,2645,8,1999,Gable,970,Y,983,756,2,1,3,1,7,2,480,172500
58,11645,7,2004,Gable,860,Y,860,860,2,1,3,1,7,2,565,196500
59,13682,10,2006,Hip,1410,Y,1426,1519,3,1,3,1,10,3,641,438780
60,7200,5,1972,Gable,780,Y,780,0,1,0,2,1,4,1,352,124900
61,13072,6,2004,Gable,1158,Y,1158,0,1,1,3,1,5,2,576,158000
62,7200,5,1920,Gable,530,N,581,530,1,0,3,1,6,1,288,101000
63,6442,8,2006,Gable,1370,Y,1370,0,2,0,2,1,6,2,484,202500
64,10300,7,1921,Gable,576,Y,902,808,2,0,3,1,9,2,480,140000
65,9375,7,1997,Gable,1057,Y,1057,977,2,1,3,1,8,2,645,219500
66,9591,8,2004,Gable,1143,Y,1143,1330,2,1,4,1,9,3,852,317000
67,19900,7,1970,Gable,1947,Y,2207,0,2,0,3,1,7,2,576,180000
68,10665,7,2003,Gable,1453,Y,1479,0,2,0,3,1,7,2,558,226000
69,4608,4,1945,Gable,747,Y,747,0,1,0,2,1,4,1,220,80000
70,15593,7,1953,Gable,1304,Y,1304,983,2,0,3,1,7,2,667,225000
71,13651,7,1973,Gable,2223,Y,2223,0,2,0,3,1,8,2,516,244000
72,7599,4,1982,Gable,845,Y,845,0,1,0,2,1,4,2,360,129500
73,10141,7,1998,Gable,832,Y,885,833,2,1,3,1,7,2,427,185000
74,10200,5,1954,Gable,1086,Y,1086,0,1,0,3,1,6,2,490,144900
75,5790,3,1915,Gambrel,840,N,840,765,2,0,3,2,8,1,379,107400
76,1596,4,1973,Gable,462,Y,526,462,1,0,2,1,5,1,297,91000
77,8475,4,1956,Gable,952,Y,952,0,1,0,2,1,4,1,283,135750
78,8635,5,1948,Gable,672,Y,1072,213,1,0,2,1,6,1,240,127000
79,10778,4,1968,Hip,1768,N,1768,0,2,0,4,2,8,0,0,136500
80,10440,5,1910,Gable,440,Y,682,548,1,1,2,1,5,2,440,110000
81,13000,6,1968,Gable,896,Y,1182,960,2,1,4,1,8,1,509,193500
82,4500,6,1998,Hip,1237,Y,1337,0,2,0,2,1,5,2,405,153500
83,10206,8,2007,Gable,1563,Y,1563,0,2,0,3,1,6,3,758,245000
84,8892,5,1960,Gable,1065,Y,1065,0,1,1,3,1,6,2,461,126500
85,8530,7,1995,Gable,384,Y,804,670,2,1,3,1,7,2,400,168500
86,16059,8,1991,Hip,1288,Y,1301,1116,2,1,4,1,9,2,462,260000
87,11911,6,2005,Gable,684,Y,684,876,2,1,3,1,6,2,400,174000
88,3951,6,2009,Gable,612,Y,612,612,2,1,2,1,4,2,528,164500
89,8470,3,1915,Hip,1013,N,1013,0,1,0,2,1,6,0,0,85000
90,8070,4,1994,Gable,990,Y,990,0,1,0,3,1,5,0,0,123600
91,7200,4,1950,Gable,0,Y,1040,0,1,0,2,1,4,2,420,109900
92,8500,5,1961,Hip,1235,Y,1235,0,1,0,2,1,6,2,480,98600
93,13360,5,1921,Gable,876,Y,964,0,1,0,2,1,5,2,432,163500
94,7200,6,1910,Hip,1214,N,1260,1031,2,0,4,2,9,2,506,133900
95,9337,6,1997,Gable,824,Y,905,881,2,1,3,1,7,2,684,204750
96,9765,6,1993,Gable,680,Y,680,790,2,1,3,1,6,2,420,185000
97,10264,7,1999,Gable,1588,Y,1588,0,2,0,3,1,6,2,472,214000
98,10921,4,1965,Hip,960,Y,960,0,1,0,3,1,6,1,432,94750
99,10625,5,1920,Gable,458,N,835,0,1,0,2,1,5,1,366,83000
100,9320,4,1959,Gable,950,Y,1225,0,1,1,3,1,6,0,0,128950
101,10603,6,1977,Gable,1610,Y,1610,0,2,0,3,1,6,2,480,205000
102,9206,6,1985,Gable,741,Y,977,755,2,1,3,1,7,2,476,178000
103,7018,5,1979,Gable,0,Y,1535,0,2,0,4,2,8,2,410,118964
104,10402,7,2009,Gable,1226,Y,1226,0,2,0,3,1,6,3,740,198900
105,7758,7,1931,Gable,1040,Y,1226,592,1,1,4,1,7,1,240,169500
106,9375,8,2003,Hip,1053,Y,1053,939,2,1,3,1,9,2,648,250000
107,10800,4,1885,Mansard,641,Y,1047,0,1,0,2,1,6,1,273,100000
108,6000,5,1948,Gable,789,Y,789,0,1,0,2,1,5,1,250,115000
109,8500,5,1919,Gable,793,N,997,520,2,0,3,1,7,0,0,115000
110,11751,6,1977,Hip,1844,Y,1844,0,2,0,3,1,7,2,546,190000
111,9525,6,1954,Gable,994,Y,1216,639,2,0,4,1,7,1,325,136900
112,7750,7,2000,Gable,384,Y,774,656,2,1,3,1,7,2,400,180000
113,9965,7,2007,Gable,1264,Y,1282,1414,2,1,4,1,10,3,792,383970
114,21000,6,1953,Hip,1809,Y,2259,0,2,0,3,1,7,2,450,217000
115,7259,6,1945,Gambrel,1028,Y,1436,884,2,1,3,1,9,1,180,259500
116,3230,6,1999,Gable,729,Y,729,729,2,1,2,1,5,2,440,176000
117,11616,5,1962,Gable,1092,Y,1092,0,1,0,3,1,6,1,288,139000
118,8536,5,2006,Gable,1125,Y,1125,0,1,1,2,1,5,2,430,155000
119,12376,7,1990,Hip,1673,Y,1699,1523,3,0,5,1,11,3,594,320000
120,8461,6,2005,Gable,728,Y,728,728,2,1,3,1,8,2,390,163990
121,21453,6,1969,Flat,938,Y,988,0,1,0,1,1,4,2,540,180000
122,6060,4,1939,Gable,732,Y,772,351,1,0,3,1,4,1,264,100000
123,9464,6,1958,Hip,1080,Y,1080,0,1,0,3,1,5,1,288,136000
124,7892,6,1993,Gable,1199,Y,1199,0,2,0,2,1,5,2,530,153900
125,17043,6,1979,Gable,1362,Y,1586,0,2,0,3,1,7,2,435,181000
126,6780,6,1935,Gable,520,N,520,0,1,0,2,1,5,0,0,84500
127,4928,6,1976,Gable,1078,Y,958,0,2,0,2,1,5,2,440,128000
128,4388,5,1930,Gable,672,Y,840,0,1,0,3,1,5,0,0,87000
129,7590,6,1966,Gable,660,Y,660,688,1,1,3,1,6,2,453,155000
130,8973,5,1958,Gable,1008,Y,1053,0,1,1,3,1,6,2,750,150000
131,14200,7,1966,Gable,924,Y,1216,941,2,1,4,1,8,2,487,226000
132,12224,6,2000,Gable,992,Y,1022,1032,2,1,3,1,7,2,390,244000
133,7388,5,1959,Gable,1063,Y,1327,0,1,0,3,1,7,2,624,150750
134,6853,8,2001,Gable,1267,Y,1296,0,2,0,2,1,6,2,471,220000
135,10335,5,1968,Gable,1461,Y,1721,0,2,1,3,1,7,2,440,180000
136,10400,7,1970,Hip,1304,Y,1682,0,2,0,3,1,7,2,530,174000
137,10355,5,1967,Gable,1214,Y,1214,0,2,0,3,1,5,1,318,143000
138,11070,7,1988,Gable,1907,Y,1959,0,3,0,5,2,9,3,766,171000
139,9066,8,1999,Gable,1004,Y,1004,848,2,1,3,1,7,3,660,230000
140,15426,6,1997,Gable,928,Y,928,836,2,1,3,1,7,2,470,231500
141,10500,4,1971,Gable,864,Y,864,0,1,0,3,1,5,0,0,115000
142,11645,7,2005,Gable,1734,Y,1734,0,2,0,3,1,7,2,660,260000
143,8520,5,1952,Gable,910,Y,910,475,2,0,4,1,6,2,720,166000
144,10335,7,1999,Gable,1490,Y,1501,0,2,0,3,1,6,2,577,204000
145,9100,5,1963,Gable,1728,Y,1728,0,2,0,6,2,10,2,504,125000
146,2522,6,2004,Gable,970,Y,970,739,2,0,3,1,7,2,380,130000
147,6120,5,1931,Gable,715,Y,875,0,1,0,2,1,5,1,180,105000
148,9505,7,2001,Gable,884,Y,884,1151,2,1,3,1,8,2,434,222500
149,7500,7,2004,Gable,1080,Y,1080,0,1,0,3,1,6,0,0,141000
150,6240,5,1936,Gable,896,Y,896,448,1,0,3,1,7,1,240,115000
151,10356,5,1975,Gable,969,Y,969,0,1,1,3,1,5,2,440,122000
152,13891,8,2007,Hip,1710,Y,1710,0,2,0,2,1,6,3,866,372402
153,14803,6,1971,Gable,825,Y,1097,896,2,1,4,1,8,2,495,190000
154,13500,6,1960,Flat,1602,Y,1252,0,1,0,1,1,4,2,564,235000
155,11340,6,1923,Gable,1200,Y,1200,0,1,0,4,1,7,1,312,125000
156,9600,6,1924,Gable,572,N,572,524,1,0,2,1,5,0,0,79000
157,7200,5,1950,Hip,0,Y,1040,0,1,0,2,1,5,2,625,109500
158,12003,8,2009,Gable,774,Y,774,1194,2,1,4,1,8,3,680,269500
159,12552,7,2004,Gable,991,Y,991,956,2,1,3,1,8,2,678,254900
160,19378,7,2005,Gable,1392,Y,1392,1070,2,1,4,1,9,2,576,320000
161,11120,6,1984,Gable,1232,Y,1232,0,2,0,3,1,6,2,516,162500
162,13688,9,2003,Gable,1572,Y,1572,1096,2,1,3,1,10,3,726,412500
163,12182,7,2005,Gable,1541,Y,1541,0,2,0,3,1,7,2,532,220000
164,5500,4,1956,Gable,882,Y,882,0,1,0,1,1,4,0,0,103200
165,5400,6,1926,Gable,1149,Y,1149,467,2,0,3,1,5,1,216,152000
166,10106,5,1940,Gable,644,Y,808,547,2,0,4,2,6,0,0,127500
167,10708,5,1955,Hip,1617,Y,1867,0,1,0,2,1,7,1,303,190000
168,10562,8,2007,Gable,1582,Y,1610,551,1,1,3,1,8,3,789,325624
169,8244,7,2004,Gable,840,Y,840,880,2,1,3,1,7,2,440,183500
170,16669,8,1981,Hip,1686,Y,1707,0,2,1,2,1,6,2,511,228000
171,12358,5,1941,Gable,720,Y,854,0,1,1,2,1,7,2,660,128500
172,31770,6,1960,Hip,1080,Y,1656,0,1,0,3,1,7,2,528,215000
173,5306,7,1987,Gable,1064,Y,1064,703,2,0,2,1,5,2,504,239000
174,10197,6,1961,Gable,1362,Y,1362,0,1,1,3,1,6,2,504,163000
175,12416,6,1986,Gable,1606,Y,1651,0,2,0,3,1,7,2,616,184000
176,12615,6,1950,Gable,1202,Y,2158,0,2,0,4,1,7,2,576,243000
177,10029,6,1988,Gable,1151,Y,1164,896,2,1,4,1,8,2,521,211000
178,13650,5,1958,Gable,1052,Y,1252,668,2,0,4,1,8,2,451,172500
179,17423,9,2008,Hip,2216,Y,2234,0,2,0,1,1,9,3,1166,501837
180,8520,5,1923,Gable,968,Y,968,0,1,0,2,1,5,2,480,100000
181,2117,6,2000,Gable,756,Y,769,756,2,1,3,1,5,2,440,177000
182,7588,7,1920,Gable,793,Y,901,901,1,1,4,1,9,1,216,200100
183,9060,5,1957,Hip,0,Y,1340,0,1,0,3,1,7,1,252,120000
184,11426,7,2003,Gable,1362,Y,1362,720,2,1,3,1,6,2,484,200000
185,7438,5,1908,Gable,504,Y,936,316,1,0,3,1,5,2,576,127000
186,22950,10,1892,Gable,1107,Y,1518,1518,2,1,4,1,12,3,840,475000
187,9947,7,1990,Gable,1188,Y,1217,0,2,0,3,1,6,2,497,173000
188,10410,5,1916,Gable,660,Y,808,704,2,1,3,1,8,1,180,135000
189,7018,5,1979,Gable,1086,Y,1224,0,0,2,2,2,6,2,528,153337
190,4923,8,2001,Gable,1593,Y,1593,0,1,1,0,1,5,2,682,286000
191,10570,8,1932,Hip,853,Y,1549,1178,2,1,3,1,10,2,440,315000
192,7472,7,1972,Gable,725,Y,725,754,1,1,4,1,7,2,484,184000
193,9017,7,1999,Gable,1431,Y,1431,0,2,0,3,1,6,2,666,192000
194,2522,7,2004,Gable,970,Y,970,739,2,0,3,1,7,2,380,130000
195,7180,5,1972,Hip,864,Y,864,0,1,0,3,1,5,1,352,127000
196,2280,6,1976,Gable,855,Y,855,601,2,1,3,1,7,2,440,148500
197,9416,7,2007,Hip,1726,Y,1726,0,2,0,3,1,8,3,786,311872
198,25419,8,1918,Gable,1360,Y,1360,1360,2,0,4,1,8,2,795,235000
199,5520,6,1912,Gable,755,Y,929,929,1,0,5,1,8,0,0,104000
200,9591,8,2004,Hip,1713,Y,1713,0,2,0,3,1,7,3,856,274900
201,8546,4,2003,Gable,1121,Y,1121,0,2,0,2,1,5,2,440,140000
202,10125,6,1977,Gable,1196,Y,1279,0,2,0,3,1,6,2,473,171500
203,7000,6,1924,Gable,617,Y,865,445,2,0,2,1,6,1,398,112000
204,4438,6,2004,Gable,848,Y,848,0,1,0,1,1,3,2,420,149000
205,3500,5,1947,Gable,720,Y,720,564,1,1,2,1,5,1,240,110000
206,11851,7,1990,Gable,1424,Y,1442,0,2,0,3,1,5,2,500,180500
207,13673,5,1962,Gable,1140,Y,1696,0,1,1,3,1,8,1,349,143900
208,12493,4,1960,Gable,1100,Y,1100,0,1,0,3,1,6,1,312,141000
209,14364,7,1988,Gable,1157,Y,1180,882,2,1,3,1,7,2,454,277000
210,8250,6,1964,Hip,1092,Y,1092,0,1,0,3,1,6,2,504,145000
211,5604,5,1925,Gable,864,N,864,0,1,0,2,1,5,0,0,98000
212,10420,6,2009,Gable,1212,Y,1212,0,2,0,3,1,6,2,460,186000
213,8640,7,2009,Gable,900,Y,932,920,2,1,3,1,7,2,644,252678
214,13568,5,1995,Gable,990,Y,990,0,1,0,3,1,5,2,576,156000
215,10900,6,1977,Gable,689,Y,689,703,1,1,3,1,6,1,299,161750
216,10011,5,1957,Gable,1070,Y,1236,0,1,0,2,1,6,1,447,134450
217,8450,7,2004,Gable,1436,Y,1436,0,2,0,3,1,8,2,484,210000
218,9906,4,1925,Gable,686,N,810,518,1,0,3,1,8,1,210,107000
219,15660,7,1939,Gable,798,Y,1137,817,1,1,3,1,8,2,431,311500
220,3010,7,2005,Gable,1248,Y,1248,0,2,0,2,1,5,2,438,167240
221,8990,7,2006,Gable,1498,Y,1498,0,2,0,2,1,5,2,675,204900
222,8068,6,2002,Gable,1010,Y,1010,1257,2,1,4,1,8,2,390,200000
223,11475,6,1975,Gable,713,Y,811,741,2,1,3,1,6,2,434,179900
224,10500,4,1971,Gable,864,Y,864,0,1,0,2,1,4,2,576,97000
225,13472,10,2003,Hip,2392,Y,2392,0,2,0,3,1,8,3,968,386250
226,1680,5,1971,Gable,630,Y,630,672,2,1,3,1,6,1,280,112000
227,9950,7,1995,Gable,1203,Y,1214,1306,2,1,4,1,9,3,721,290000
228,1869,6,1970,Gable,483,Y,483,504,1,1,2,1,5,1,280,106000
229,8521,5,1967,Gable,912,Y,912,0,1,0,3,1,5,1,336,125000
230,3182,7,2005,Gable,1373,Y,1555,0,2,0,2,1,7,2,430,192500
231,8760,6,1959,Hip,1194,Y,1194,0,1,0,3,1,6,1,312,148000
232,15138,8,1995,Gable,1462,Y,1490,1304,2,1,4,1,9,3,810,403000
233,1680,6,1972,Gable,483,Y,483,504,1,1,2,1,5,1,288,94500
234,10650,5,1976,Gable,894,Y,894,0,1,0,3,1,5,1,308,128200
235,7851,6,2002,Gable,860,Y,860,1100,2,1,4,1,8,2,440,216500
236,1680,6,1971,Gable,483,Y,483,504,1,1,2,1,5,1,264,89500
237,8773,7,2004,Gable,1414,Y,1414,0,2,0,3,1,6,2,494,185500
238,9453,7,1993,Gable,996,Y,1014,730,2,1,3,1,7,2,457,194500
239,12030,8,2007,Hip,1694,Y,1694,0,2,0,3,1,7,3,818,318000
240,8741,6,1945,Gable,735,Y,798,689,1,1,3,1,7,1,220,113000
241,9000,8,2008,Gable,1566,Y,1566,0,2,0,3,1,7,2,750,262500
242,3880,5,1945,Gable,686,Y,866,0,1,0,2,1,4,0,0,110500
243,5000,5,1900,Gable,540,N,889,551,1,0,3,1,6,1,352,79000
244,10762,6,1980,Gable,626,Y,626,591,1,1,3,1,6,1,288,120000
245,8880,7,1994,Gable,948,Y,1222,888,2,1,3,1,8,2,463,205000
246,10400,7,1988,Gable,1845,Y,1872,0,2,0,3,1,6,2,604,241500
247,9142,6,1910,Gable,1020,N,908,1020,2,0,4,2,9,1,440,137000
248,11310,6,1954,Hip,1367,Y,1375,0,1,0,2,1,5,2,451,140000
249,11317,7,2003,Gable,840,Y,840,828,2,1,3,1,8,2,500,180000
250,159000,6,1958,Gable,1444,Y,1444,700,2,0,4,1,7,2,389,277000
251,5350,3,1940,Gable,728,Y,1306,0,1,0,3,1,6,0,0,76500
252,4750,8,2006,Hip,1573,Y,1625,0,2,0,2,1,5,2,538,235000
253,8366,6,2004,Gable,798,Y,798,842,2,1,3,1,6,2,520,173000
254,9350,6,1964,Hip,1302,Y,1302,0,2,0,3,1,7,1,309,158000
255,8400,5,1957,Gable,1314,Y,1314,0,1,0,3,1,5,1,294,145000
256,8738,7,1999,Gable,975,Y,1005,1286,2,1,4,1,8,2,429,230000
257,8791,6,2003,Gable,864,Y,864,864,2,1,3,1,7,2,673,207500
258,8814,7,2006,Gable,1604,Y,1604,0,2,1,3,1,8,2,660,220000
259,12435,7,2001,Gable,963,Y,963,829,2,1,3,1,7,2,564,231500
260,12702,5,1956,Gable,0,Y,882,0,1,0,2,1,4,1,308,97000
261,19296,6,1962,Gable,1362,Y,1382,0,1,0,3,1,6,2,884,176000
262,9588,8,2007,Gable,1482,Y,1482,1092,2,1,3,1,10,3,868,276000
263,8471,6,1977,Gable,506,Y,1212,0,1,0,3,1,6,2,492,151000
264,5500,5,1929,Gable,926,Y,926,0,1,0,3,1,6,2,484,130000
265,5232,5,1925,Gable,680,N,764,0,1,0,2,1,4,2,504,73000
266,12090,6,1981,Gable,1422,Y,1422,0,2,0,3,1,7,2,576,175500
267,11207,6,1997,Gable,802,Y,802,709,2,1,3,1,8,2,413,185000
268,8400,5,1939,Gable,720,Y,1052,720,2,1,4,1,8,1,240,179500
269,6900,5,1940,Gable,740,Y,778,0,1,0,2,1,4,1,924,120500
270,7917,6,1976,Hip,1143,Y,1113,0,1,1,3,1,6,1,504,148000
271,10728,8,2006,Gable,1095,Y,1095,844,2,1,3,1,8,3,1053,266000
272,39104,7,1954,Flat,1385,Y,1363,0,1,0,2,1,5,2,439,241500
273,11764,8,1999,Gable,1152,Y,1164,1106,2,1,4,1,9,3,671,290000
274,9600,6,1958,Hip,1240,Y,1632,0,2,0,3,1,6,1,338,139000
275,8314,5,1982,Gable,816,Y,816,0,1,0,2,1,5,1,264,124500
276,7264,7,1925,Gable,952,N,952,596,2,1,3,1,5,2,672,205000
277,9196,7,2003,Gable,1560,Y,1560,0,2,0,3,1,7,2,573,201000
278,19138,4,1951,Gable,864,Y,864,0,1,0,2,1,4,2,400,141000
279,14450,9,2006,Gable,2121,Y,2121,0,2,1,3,1,8,3,732,415298
280,10005,7,1977,Hip,1160,Y,1156,866,2,1,4,1,8,2,505,192000
281,11287,7,1989,Gable,807,Y,1175,807,2,1,3,1,7,2,575,228500
282,7200,6,2006,Gable,1262,Y,1262,0,2,0,2,1,5,2,572,185000
283,5063,7,2007,Gable,1314,Y,1314,0,2,0,2,1,6,2,626,207500
284,9612,8,2008,Gable,1468,Y,1468,0,2,0,3,1,6,3,898,244600
285,8012,6,1992,Gable,1575,Y,1575,0,2,0,2,1,5,2,529,179200
286,4251,7,2006,Gable,625,Y,625,625,2,1,2,1,5,2,528,164700
287,9786,6,1962,Gable,912,Y,1085,649,1,1,3,1,7,2,440,159000
288,8125,4,1971,Gable,858,Y,858,0,1,0,3,1,5,0,0,88000
289,9819,5,1967,Gable,882,Y,900,0,1,0,3,1,5,1,280,122000
290,8730,6,1915,Gable,698,Y,698,698,1,0,3,1,7,1,384,153575
291,15611,8,2006,Gable,1079,Y,1079,840,2,1,3,1,8,2,685,233230
292,5687,5,1912,Gable,780,N,936,780,2,0,6,1,9,0,0,135900
293,11409,5,1949,Gable,768,Y,1148,568,1,1,3,1,8,1,281,131000
294,16659,7,1977,Gable,795,Y,1468,795,2,1,3,1,9,2,539,235000
295,9600,6,1953,Hip,1416,Y,1644,0,1,0,3,1,7,2,418,167000
296,7937,6,1984,Gable,1003,Y,1003,0,1,0,3,1,6,2,588,142500
297,13710,5,1950,Gable,910,Y,910,648,1,1,4,1,6,1,282,152000
298,7399,7,1997,Hip,975,Y,975,975,2,1,3,1,7,2,576,239000
299,11700,6,1968,Mansard,702,Y,1041,702,1,2,3,1,7,2,539,175000
300,14000,6,1950,Gable,1092,Y,1152,0,1,0,3,1,6,1,300,158500
301,15750,5,1953,Hip,1165,Y,1336,0,1,0,2,1,5,1,375,157000
302,16226,8,1998,Gable,1028,Y,1210,1242,2,1,4,1,9,2,683,267000
303,13704,7,2001,Gable,1541,Y,1541,0,2,0,3,1,6,3,843,205000
304,9800,5,1972,Gable,894,Y,894,0,1,0,3,1,5,2,552,149900
305,18386,7,1880,Gable,1470,Y,1675,1818,3,0,3,1,10,3,870,295000
306,10386,8,2004,Gable,2000,Y,2000,0,2,0,3,1,8,3,888,305900
307,13474,7,1990,Gable,700,Y,1122,1121,2,1,4,1,8,3,746,225000
308,7920,6,1920,Gable,319,Y,1035,371,1,0,3,1,6,0,0,89500
309,12342,4,1940,Gable,861,Y,861,0,1,0,1,1,4,2,539,82500
310,12378,9,2003,Gable,1896,Y,1944,0,2,0,3,1,8,3,708,360000
311,7685,6,1993,Gable,697,Y,697,804,2,1,3,1,6,2,420,165600
312,8000,6,1948,Gable,972,Y,972,0,1,0,2,1,5,1,240,132000
313,7800,5,1939,Gable,793,Y,793,325,1,0,3,1,5,2,410,119900
314,215245,7,1965,Hip,2136,Y,2036,0,2,0,3,1,8,2,513,375000
315,9600,7,1925,Gable,728,Y,832,809,1,1,3,1,6,2,546,178000
316,7795,7,2004,Gable,716,Y,716,716,2,1,3,1,6,2,432,188500
317,13005,7,1980,Gable,845,Y,1153,1200,2,1,4,1,10,2,484,260000
318,9000,8,2006,Gable,1088,Y,1088,871,2,1,3,1,8,3,1025,270000
319,9900,7,1993,Gable,1347,Y,1372,1274,2,1,4,1,9,3,656,260000
320,14115,7,1980,Gable,1372,Y,1472,0,2,0,3,1,6,2,588,187500
321,16259,9,2006,Gable,1249,Y,1249,1347,3,1,4,1,9,3,840,342643
322,12099,8,2004,Gable,1136,Y,1136,1332,2,1,4,1,10,3,872,354000
323,10380,7,1986,Gable,1502,Y,1553,1177,2,1,4,1,8,2,576,301000
324,5820,3,1955,Gable,1162,Y,1163,0,1,0,3,1,6,1,220,126175
325,11275,7,1967,Mansard,710,Y,1898,1080,2,1,5,1,11,2,564,242000
326,5000,5,1941,Gable,720,N,803,0,1,0,2,1,5,2,360,87000
327,10846,8,1993,Gable,1719,Y,1719,0,1,1,1,1,6,2,473,324000
328,11600,6,1960,Hip,1383,Y,1383,0,1,1,3,1,7,1,292,145250
329,11888,6,1916,Gable,844,N,1445,689,2,0,5,1,10,2,441,214500
330,6402,5,1920,Gable,596,N,596,596,1,0,3,1,6,1,189,78000
331,10624,5,1964,Gable,1728,Y,1728,0,2,0,6,2,10,1,352,119000
332,8176,5,1958,Gable,1056,Y,1056,0,1,0,3,1,6,1,308,139000
333,10655,8,2003,Gable,3206,Y,1629,0,2,0,3,1,7,3,880,284000
334,8198,7,2004,Gable,1358,Y,1358,0,2,0,2,1,6,2,484,207000
335,9042,6,1998,Gable,943,Y,943,695,2,1,3,1,7,2,472,192000
336,164660,5,1965,Gable,1499,Y,1619,167,2,0,3,1,7,2,529,228950
337,14157,9,2005,Hip,1922,Y,1922,0,2,0,3,1,8,3,676,377426
338,9135,7,2002,Gable,1536,Y,1536,0,2,0,3,1,7,2,532,214000
339,14145,7,1984,Gable,1208,Y,1621,0,2,0,3,1,8,2,440,202500
340,12400,6,1958,Hip,1215,Y,1215,0,1,0,3,1,6,1,297,155000
341,14191,8,2002,Gable,967,Y,993,915,2,1,4,1,9,2,431,202900
342,8400,4,1950,Gable,721,Y,841,0,1,0,2,1,4,1,294,82000
343,8544,3,1949,Gable,0,N,1040,0,2,0,2,2,6,2,400,87500
344,8849,9,2005,Hip,1684,Y,1684,0,2,0,2,1,6,2,564,266000
345,2592,5,1976,Gable,536,Y,536,576,1,1,3,1,4,1,336,85000
346,6435,6,1939,Gable,972,Y,972,605,1,0,3,1,6,1,312,140200
347,12772,6,1960,Hip,958,Y,958,0,1,0,2,1,5,1,301,151500
348,17600,6,1960,Gable,1478,Y,1478,0,2,0,3,1,6,2,498,157500
349,2448,7,2003,Gable,764,Y,764,862,2,1,2,1,6,2,474,154000
350,20431,9,2005,Hip,1848,Y,1848,880,2,1,4,1,10,3,706,437154
351,7820,9,2007,Hip,1869,Y,1869,0,2,0,2,1,6,2,617,318061
352,5271,7,1986,Gable,1453,Y,1453,0,1,1,2,1,6,2,445,190000
353,9084,5,1941,Gable,616,N,616,495,1,0,3,1,5,1,200,95000
354,8520,6,1928,Gable,624,Y,720,0,1,0,2,1,5,2,484,105900
355,8400,6,1940,Gable,940,Y,1192,403,1,0,2,1,6,1,240,140000
356,11249,6,1995,Gable,1200,Y,1200,0,2,0,3,1,6,2,521,177500
357,9248,6,1992,Gable,1158,Y,1167,0,2,0,3,1,6,2,400,173000
358,4224,5,1976,Gable,1142,Y,1142,0,1,1,3,1,6,2,528,134000
359,6930,5,1958,Hip,1062,Y,1352,0,1,0,3,1,6,1,288,130000
360,12011,8,1998,Gable,1086,Y,1086,838,2,1,3,1,7,2,592,280000
361,7540,6,1978,Gable,888,Y,912,0,1,0,2,1,5,2,470,156000
362,9144,5,1940,Gable,883,Y,988,517,1,0,3,1,8,1,240,145000
363,7301,7,2003,Gable,0,Y,495,1427,3,0,4,1,7,2,672,198500
364,1680,6,1972,Gable,483,Y,483,504,1,1,2,1,5,1,264,118000
365,18800,6,1976,Gable,796,Y,790,784,2,1,3,1,6,2,566,190000
366,10690,5,1920,Hip,672,Y,672,672,1,0,3,1,6,1,468,147000
367,9500,6,1963,Gable,1394,Y,1394,0,1,1,3,1,6,2,514,159000
368,9150,6,1962,Gable,1099,Y,1431,0,1,0,3,1,6,1,296,165000
369,7800,5,1954,Gable,1268,Y,1268,0,1,0,2,1,7,1,244,132000
370,9830,5,1959,Gable,1063,Y,1287,0,1,0,3,1,7,2,576,162000
371,8121,6,2000,Gable,953,Y,953,711,2,1,3,1,7,2,460,172400
372,17120,4,1959,Gable,0,Y,1120,468,2,0,4,1,7,2,680,134432
373,7175,6,1984,Gable,744,Y,752,0,1,0,2,1,4,1,264,125000
374,10634,5,1953,Gable,608,Y,1319,0,1,0,3,1,5,1,270,123000
375,8200,7,2003,Gable,847,Y,847,1081,2,1,4,1,8,2,434,219500
376,10020,1,1922,Gable,683,N,904,0,0,1,1,1,4,0,0,61000
377,8846,5,1996,Gable,870,Y,914,0,1,0,2,1,5,2,576,148000
378,11143,8,2004,Gable,1580,Y,1580,886,3,0,4,1,8,2,610,340000
379,11394,9,2010,Hip,1856,Y,1856,0,1,1,1,1,8,3,834,394432
380,8123,6,2000,Gable,982,Y,1007,793,2,1,3,1,7,2,463,179000
381,5000,5,1924,Gable,1026,Y,1026,665,2,0,3,1,6,1,308,127000
382,7200,7,2006,Gable,1293,Y,1301,0,2,0,2,1,5,2,572,187750
383,9245,7,2006,Gable,939,Y,939,858,2,1,3,1,8,2,639,213500
384,9000,6,1928,Gable,784,N,784,0,1,0,2,1,5,2,360,76000
385,53107,6,1992,Gable,1580,Y,1079,874,2,1,3,1,9,2,501,240000
386,3182,8,2004,Gable,1256,Y,1269,0,2,0,2,1,6,2,430,192000
387,8410,5,1910,Gambrel,658,Y,658,526,1,0,5,1,8,0,0,81000
388,7200,6,1976,Hip,1041,Y,1125,0,1,0,3,1,6,1,352,125000
389,9382,7,1999,Gable,1468,Y,1479,0,2,0,3,1,6,2,577,191000
390,12474,10,2007,Gable,1682,Y,1742,590,2,1,3,1,9,3,846,426000
391,8405,5,1900,Gable,861,Y,961,406,1,0,4,1,7,1,384,119000
392,12209,6,2001,Gable,804,Y,804,1157,2,1,3,1,7,2,560,215000
393,8339,5,1959,Gable,0,Y,882,0,1,0,3,1,5,1,294,106500
394,7446,4,1941,Gable,788,Y,788,0,1,0,2,1,4,0,0,100000
395,10134,5,1940,Gable,735,Y,735,299,1,0,2,1,5,1,240,109000
396,9571,5,1956,Gable,1144,Y,1144,0,1,0,3,1,6,1,596,129000
397,7200,5,1972,Hip,894,Y,894,0,1,0,2,1,6,2,600,123000
398,7590,5,1962,Gable,864,Y,876,936,2,0,4,1,8,1,264,169500
399,8967,5,1920,Gable,961,Y,1077,0,1,0,2,1,6,1,338,67000
400,8125,7,2006,Gable,1092,Y,1112,438,2,0,2,1,7,2,438,241000
401,14963,8,1996,Gable,1260,Y,1288,0,1,1,1,1,4,2,500,245500
402,8767,7,2005,Gable,1310,Y,1310,0,2,0,3,1,6,2,400,164990
403,10200,5,1940,Gable,672,Y,672,0,1,0,2,1,4,1,240,108000
404,12090,8,1998,Hip,1141,Y,1165,1098,2,1,4,1,10,2,420,258000
405,10364,6,1995,Gable,806,Y,806,766,2,1,3,1,7,2,373,168000
406,9991,4,1976,Gable,1281,Y,1620,0,2,0,3,1,8,2,490,150000
407,10480,6,1936,Gable,1064,Y,1166,0,1,0,3,1,6,1,240,115000
408,15576,6,1915,Gable,840,Y,840,840,2,0,4,1,8,1,308,177000
409,14154,7,2006,Gable,1063,Y,1071,1101,2,1,3,1,9,3,947,280000
410,10800,8,2007,Gable,1034,Y,1050,1028,2,1,3,1,8,3,836,339750
411,9571,5,1958,Gable,1276,Y,1276,0,1,0,3,1,5,1,350,60000
412,34650,5,1955,Hip,1056,N,1056,0,1,0,3,1,5,2,572,145000
413,4403,7,2009,Gable,1470,Y,1478,0,2,1,2,1,7,2,484,222000
414,8960,5,1927,Gable,1008,Y,1028,0,1,0,2,1,5,2,360,115000
415,11228,7,1993,Gable,1080,Y,1080,1017,2,1,3,1,9,3,678,228000
416,8899,7,2007,Gable,1340,Y,1340,0,2,0,3,1,6,2,396,181134
417,7844,6,1978,Hip,672,Y,672,728,1,1,3,1,6,2,440,149500
418,22420,6,1918,Hip,1370,N,1370,1254,2,1,4,1,10,3,864,239000
419,8160,5,1940,Gable,756,N,756,378,1,1,3,1,7,1,240,126000
420,8450,5,1968,Gable,1056,Y,1056,0,1,0,3,1,6,1,304,142000
421,7060,7,1997,Gable,1344,Y,1344,0,2,0,2,2,8,4,784,206300
422,16635,6,1977,Gable,1602,Y,1602,0,2,0,3,1,8,2,529,215000
423,21750,5,1954,Hip,988,Y,988,0,1,0,2,1,4,2,520,113000
424,9200,8,1998,Gable,1470,Y,1470,1160,2,1,4,1,8,3,696,315000
425,9000,6,1956,Gable,1196,Y,1196,0,1,0,2,1,6,1,297,139000
426,3378,7,1946,Gable,651,Y,707,682,1,1,3,1,6,1,240,135000
427,12800,7,1989,Gable,1518,Y,1644,0,2,0,2,1,5,2,569,275000
428,8593,4,1957,Hip,907,Y,907,0,1,0,3,1,5,1,352,109008
429,6762,7,2007,Gable,1208,Y,1208,0,2,0,2,1,6,2,628,195400
430,11457,6,1988,Gable,1392,Y,1412,0,2,0,3,1,6,2,576,175000
431,1680,6,1971,Gable,483,Y,483,504,1,1,2,1,4,1,264,85400
432,5586,6,1920,Gable,901,Y,1088,110,1,0,4,1,7,0,0,79900
433,1920,5,1971,Gable,765,Y,765,600,1,1,2,1,6,2,440,122500
434,10839,6,1997,Gable,926,Y,926,678,2,1,3,1,7,2,470,181000
435,1890,4,1972,Gable,630,Y,630,0,1,0,1,1,3,0,0,81000
436,10667,7,1996,Gable,799,Y,827,834,2,1,3,1,6,2,550,212000
437,4400,6,1920,Gable,648,Y,734,384,1,0,2,1,6,2,440,116000
438,6000,6,1926,Gable,884,Y,904,0,1,0,2,1,4,1,180,119000
439,4280,5,1913,Gable,440,N,694,0,1,0,2,1,4,1,352,90350
440,12354,6,1920,Gable,684,Y,684,512,1,0,3,1,7,2,528,110000
441,15431,10,2008,Hip,3094,Y,2402,0,2,0,2,1,10,3,672,555000
442,12108,4,1955,Gable,1440,N,1440,0,2,0,4,2,8,0,0,118000
443,6240,5,1930,Gable,1078,Y,1128,445,2,0,3,1,8,2,360,162900
444,3922,7,2006,Gable,1258,Y,1258,0,2,0,2,1,6,3,648,172500
445,8750,7,1994,Gable,915,Y,933,975,2,1,4,1,8,2,493,210000
446,9855,6,1956,Hip,1436,Y,1689,0,1,0,3,1,7,2,480,127500
447,16492,6,1966,Gable,1517,Y,1888,0,2,1,2,1,6,2,578,190000
448,11214,7,1998,Gable,930,Y,956,930,2,1,4,1,10,2,431,199900
449,8600,6,1937,Gable,780,Y,780,596,2,0,3,1,7,1,198,119500
450,6000,3,1948,Gable,649,Y,679,504,1,1,2,1,6,1,308,120000
451,5684,6,1930,Hip,813,Y,813,0,1,0,2,1,5,1,270,110000
452,70761,7,1975,Gable,1533,Y,1533,0,2,0,2,1,5,2,576,280000
453,9303,6,1996,Hip,872,Y,888,868,2,1,3,1,7,2,422,204000
454,9000,8,2008,Gable,768,Y,786,804,2,1,3,1,6,2,676,210000
455,9297,5,1976,Gable,1728,Y,1728,0,2,0,4,2,8,2,560,188000
456,9600,7,1973,Hip,1242,Y,1242,0,1,1,3,1,6,2,528,175500
457,4571,5,1916,Gable,624,N,624,720,1,0,4,1,7,3,513,98000
458,53227,4,1954,Flat,1364,Y,1663,0,1,0,2,1,6,2,529,256000
459,5100,8,1925,Hip,588,Y,833,833,1,0,3,1,7,1,228,161000
460,7015,5,1950,Gable,709,Y,979,224,1,0,3,1,5,1,352,110000
461,8004,8,2009,Gable,832,Y,832,1103,2,1,3,1,8,2,552,263435
462,7200,7,1936,Gable,560,Y,575,560,1,0,3,1,6,2,576,155000
463,8281,5,1965,Gable,864,Y,864,0,1,0,3,1,5,1,360,62383
464,11988,6,1934,Hip,715,Y,849,811,1,1,3,1,6,1,240,188700
465,8430,5,1978,Gable,1040,Y,1040,0,2,0,3,1,5,0,0,124000
466,3072,7,2004,Hip,1375,Y,1414,0,2,0,2,1,6,2,398,178740
467,10628,7,1970,Flat,1277,Y,1277,0,1,0,2,1,5,2,526,167000
468,9480,5,1942,Gable,728,Y,888,756,1,1,3,1,7,1,312,146500
469,11428,8,2006,Gable,1626,Y,1634,0,2,0,3,1,7,3,866,250000
470,9291,6,1993,Gable,832,Y,832,878,2,1,3,1,7,2,506,187000
471,6820,8,1985,Gable,1488,Y,1502,0,1,1,1,1,4,2,528,212000
472,11952,7,1977,Mansard,808,Y,1161,808,2,1,3,1,8,2,534,190000
473,3675,6,2005,Gable,547,Y,1072,0,1,0,2,1,5,2,525,148000
474,14977,8,2006,Gable,1976,Y,1976,0,2,0,2,1,7,3,908,440000
475,5330,8,2000,Gable,1494,Y,1652,0,2,0,2,1,6,2,499,251000
476,8480,5,1963,Hip,970,Y,970,0,1,0,2,1,5,2,624,132500
477,13125,6,1997,Gable,1478,Y,1493,0,2,0,3,1,7,2,508,208900
478,13693,9,2006,Hip,2153,Y,2069,574,2,1,3,1,9,3,694,380000
479,10637,8,2007,Hip,1705,Y,1718,0,2,0,3,1,7,3,826,297000
480,5925,4,1937,Hip,907,Y,1131,0,1,0,2,1,7,2,672,89471
481,16033,9,2004,Hip,1833,Y,1850,0,2,0,3,1,8,3,772,326000
482,11846,9,2003,Hip,1792,Y,1792,0,2,0,2,1,6,3,874,374000
483,2500,7,1915,Gable,910,Y,916,910,1,1,4,1,7,1,164,155000
484,4500,6,1998,Hip,1216,Y,1216,0,2,0,2,1,5,2,402,164000
485,7758,5,1962,Gable,999,Y,999,0,1,0,3,1,6,1,264,132500
486,9600,5,1950,Gable,1113,Y,1113,0,1,0,3,1,5,1,264,147000
487,10289,5,1965,Hip,1073,Y,1073,0,1,1,3,1,6,2,515,156000
488,12243,5,1971,Gable,1484,Y,1484,0,2,0,3,1,7,2,487,175000
489,10800,5,1900,Gable,954,N,1766,648,2,0,3,2,10,2,520,160000
490,1526,4,1970,Gable,630,Y,630,0,1,0,1,1,3,1,286,86000
491,2665,5,1976,Gable,264,Y,616,688,1,1,3,1,4,1,336,115000
492,9490,6,1941,Gable,806,Y,958,620,1,0,3,1,5,1,240,133000
493,15578,6,2006,Gable,728,Y,728,728,2,1,3,1,8,2,429,172785
494,7931,5,1960,Gable,1269,Y,1269,0,1,1,3,1,6,1,308,155000
495,5784,5,1938,Gable,190,Y,886,0,1,0,2,1,4,1,273,91300
496,7879,4,1920,Gable,720,N,720,0,1,0,2,1,4,0,0,34900
497,12692,8,1992,Hip,3200,Y,3228,0,3,0,4,1,10,2,546,430000
498,9120,7,1925,Gable,1026,Y,1133,687,2,0,4,1,8,1,240,184000
499,7800,5,1967,Hip,864,Y,899,0,1,0,3,1,5,1,288,130000
500,7535,5,1958,Gable,912,Y,912,0,1,0,2,1,5,1,297,120000
501,1890,6,1973,Gable,672,Y,672,546,1,1,3,1,7,1,264,113000
502,9803,7,2005,Gable,866,Y,866,902,2,1,3,1,7,2,603,226700
503,9170,5,1965,Hip,1214,Y,1214,0,1,0,2,1,6,2,461,140000
504,15602,7,1959,Gable,1501,Y,1801,0,2,0,1,1,6,2,484,289000
505,2308,6,1974,Gable,855,Y,855,467,2,1,3,1,6,2,440,147000
506,7596,5,1952,Hip,960,Y,960,1000,2,0,4,2,10,2,400,124500
507,9554,8,1993,Gable,777,Y,1065,846,2,1,3,1,8,2,471,215000
508,7862,6,2009,Gable,1218,Y,1218,0,2,0,2,1,4,2,676,208300
509,9600,7,1928,Gambrel,689,Y,689,689,2,0,3,1,7,2,360,161000
510,9600,5,1959,Gable,1041,Y,1041,0,1,0,3,1,6,1,270,124500
511,14559,5,1951,Hip,1008,Y,1363,0,1,0,2,1,6,1,288,164900
512,6792,7,2005,Gable,1368,Y,1368,0,2,0,2,1,6,2,474,202665
513,9100,5,1958,Gable,864,Y,864,0,1,0,3,1,5,2,624,129900
514,9187,6,1983,Gable,1084,Y,1080,0,1,1,3,1,5,2,484,134000
515,10594,5,1926,Gable,768,N,789,0,1,0,2,1,5,1,200,96500
516,12220,10,2009,Hip,2006,Y,2020,0,2,1,3,1,9,3,900,402861
517,10448,6,1972,Gable,689,Y,1378,741,2,1,3,1,7,2,583,158000
518,10208,7,1996,Gable,1264,Y,1277,1067,2,1,3,1,7,3,889,265000
519,9531,6,1998,Gable,794,Y,882,914,2,1,3,1,7,2,546,211000
520,10918,7,1926,Gambrel,1276,Y,1276,804,1,1,3,1,9,1,282,234000
521,10800,4,1900,Gable,0,N,694,600,2,0,3,2,7,0,0,106250
522,11988,6,1957,Gable,1244,Y,1244,0,1,1,3,1,6,1,336,150000
523,5000,6,1947,Gable,1004,Y,1004,660,2,0,3,1,7,2,420,159000
524,40094,10,2007,Hip,3138,Y,3138,1538,3,1,3,1,11,3,884,184750
525,11787,7,1996,Gable,1379,Y,1383,1015,2,1,3,1,8,3,834,315750
526,7500,7,2005,Gable,1257,Y,1266,0,2,0,3,1,6,2,453,176000
527,13300,5,1956,Hip,928,Y,928,0,1,0,2,1,4,1,252,132000
528,14948,9,2008,Hip,1452,Y,1476,1237,2,1,3,1,11,3,858,446261
529,9098,4,1920,Gable,528,Y,605,0,1,0,2,1,5,0,0,86000
530,32668,6,1957,Hip,2035,Y,2515,0,3,0,4,2,9,2,484,200624
531,10200,6,1988,Gable,1461,Y,1509,0,2,0,3,1,5,2,600,175000
532,6155,6,1920,Gable,611,Y,751,611,2,0,3,1,6,2,502,128000
533,7200,5,1955,Gable,0,Y,827,0,1,0,2,1,5,1,392,107500
534,5000,1,1946,Gable,0,N,334,0,1,0,1,1,2,0,0,39300
535,9056,8,2004,Gable,707,Y,707,707,2,1,3,1,6,2,403,178000
536,7000,5,1910,Gable,1117,Y,820,527,1,0,3,1,5,0,0,107500
537,8924,7,1998,Gable,880,Y,880,844,2,1,3,1,8,2,527,188000
538,12735,4,1972,Hip,864,Y,864,0,1,0,3,1,5,2,576,111250
539,11553,5,1968,Hip,1051,Y,1159,0,1,1,3,1,7,1,336,158000
540,11423,8,2001,Gable,1581,Y,1601,0,2,0,3,1,6,2,670,272000
541,14601,9,2006,Hip,1838,Y,1838,0,2,0,2,1,8,3,765,315000
542,11000,8,2000,Gable,969,Y,997,1288,2,1,4,1,8,3,648,248000
543,10140,7,1998,Hip,1650,Y,1680,0,2,0,3,1,7,2,583,213250
544,4058,7,1998,Gable,723,Y,767,0,1,0,1,1,4,1,367,133000
545,17104,7,2006,Gable,654,Y,664,832,2,1,3,1,7,2,426,179665
546,13837,7,1988,Gable,1204,Y,1377,806,2,1,4,1,9,3,786,229000
547,8737,6,1923,Gable,1065,Y,915,720,1,1,3,1,6,2,440,210000
548,7244,5,1970,Gable,768,Y,768,0,1,0,2,1,5,2,624,129500
549,8235,5,1955,Gable,825,Y,825,0,1,0,2,1,4,2,720,125000
550,9375,7,2003,Gable,912,Y,912,1182,2,1,4,1,8,2,615,263000
551,4043,6,1977,Gable,1069,Y,1069,0,2,0,2,1,4,2,440,140000
552,6000,5,1957,Hip,928,Y,928,0,1,0,3,1,5,1,288,112500
553,11146,8,2006,Gable,1709,Y,1717,0,2,0,3,1,7,3,908,255500
554,8777,4,1949,Gable,0,Y,1126,0,2,0,2,1,5,2,520,108000
555,10625,7,2003,Gable,998,Y,1006,1040,2,1,3,1,8,3,871,284000
556,6380,5,1922,Gable,993,Y,1048,0,1,0,2,1,5,1,280,113000
557,14850,5,1957,Gable,1092,Y,1092,0,1,0,2,1,6,1,299,141000
558,11040,4,1920,Gable,637,Y,897,439,1,1,3,1,7,1,570,108000
559,21872,7,1996,Gable,729,Y,729,717,2,1,3,1,6,2,406,175000
560,3196,7,2003,Gable,1374,Y,1557,0,2,0,2,1,7,2,420,234000
561,11341,5,1957,Hip,1392,Y,1392,0,1,1,3,1,5,2,528,121500
562,10010,5,1974,Gable,1389,Y,1389,0,1,0,2,1,6,2,418,170000
563,13907,5,1940,Gable,996,Y,996,0,1,0,3,1,6,0,0,108000
564,21780,6,1918,Gable,1163,Y,1163,511,2,0,4,1,8,2,396,185000
565,13346,7,1992,Gable,1095,Y,1166,1129,2,1,4,1,9,2,590,268000
566,6858,6,1915,Gable,806,N,841,806,1,1,4,1,6,1,216,128000
567,11198,9,2005,Hip,1122,Y,1134,1370,2,1,4,1,11,3,656,325000
568,10171,7,2004,Gable,1517,Y,1535,0,2,0,3,1,7,2,532,214000
569,12327,8,1983,Gable,1496,Y,1496,636,1,1,1,1,5,2,612,316600
570,7032,5,1979,Gable,943,Y,943,0,1,0,2,1,4,2,600,135960
571,13101,5,1965,Gable,1728,Y,1728,0,2,0,6,2,10,2,576,142600
572,7332,6,1959,Gable,864,Y,864,0,1,0,2,1,4,1,288,120000
573,13159,7,2009,Gable,846,Y,846,846,2,1,3,1,6,2,650,224500
574,9967,7,2000,Gable,384,Y,774,656,2,1,3,1,8,2,400,170000
575,10500,5,1971,Gambrel,372,Y,576,533,1,0,3,1,5,1,288,139000
576,8480,5,1947,Gable,832,Y,832,384,1,0,2,1,6,1,336,118500
577,6292,7,1928,Gable,861,Y,877,600,2,0,3,1,6,1,216,145000
578,11777,5,1966,Gable,1164,Y,1320,0,1,0,3,1,6,2,564,164500
579,3604,7,2007,Gable,689,Y,703,689,2,0,2,1,5,2,540,146000
580,12150,5,1954,Gable,1050,N,1050,745,2,0,4,1,7,1,352,131500
581,14585,6,1960,Gable,1144,Y,1429,0,1,0,3,1,7,2,572,181900
582,12704,8,2008,Hip,2042,Y,2042,0,2,1,3,1,8,3,1390,253293
583,11841,6,1990,Gable,816,Y,816,0,1,0,3,1,5,0,0,118500
584,13500,10,1893,Gable,1237,Y,1521,1254,3,1,3,1,9,2,880,325000
585,6120,4,1935,Gable,884,Y,989,584,1,0,3,1,6,1,240,133000
586,11443,8,2005,Hip,1868,Y,2028,0,2,0,2,1,7,3,880,369900
587,10267,6,1918,Gable,816,Y,838,0,1,0,2,1,5,1,275,130000
588,8740,5,1982,Hip,840,Y,860,0,1,0,2,1,4,2,528,137000
589,25095,5,1968,Flat,1437,Y,1473,0,1,0,1,1,5,1,452,143000
590,9100,5,1930,Gable,742,Y,779,0,1,0,2,1,4,1,308,79500
591,8320,7,2004,Gable,770,Y,770,812,2,1,3,1,6,2,520,185900
592,13478,10,2008,Gable,1722,Y,1728,568,2,1,3,1,10,3,842,451950
593,6600,5,1982,Gable,816,Y,816,0,1,0,2,1,4,2,816,138000
594,4435,6,2003,Gable,848,Y,848,0,1,0,1,1,4,2,420,140000
595,7990,5,1975,Hip,924,Y,924,0,1,0,3,1,5,1,280,110000
596,11302,8,2005,Gable,1814,Y,1826,0,2,0,3,1,7,3,758,319000
597,3600,6,1910,Gable,684,N,684,684,1,0,3,1,7,1,216,114504
598,3922,7,2006,Gable,1258,Y,1402,0,0,2,2,1,7,3,648,194201
599,12984,5,1977,Gable,1430,Y,1647,0,2,0,3,1,7,2,621,217500
600,1950,6,1980,Gable,716,Y,716,840,2,1,3,1,6,2,452,151000
601,10927,8,2005,Gable,1058,Y,1058,846,2,1,3,1,8,2,736,275000
602,9000,6,1937,Gable,780,Y,780,595,1,1,3,1,6,1,544,141000
603,10041,8,1992,Gable,908,Y,927,988,2,1,3,1,8,2,506,220000
604,3182,7,2004,Gable,600,Y,600,600,2,1,2,1,4,2,480,151000
605,12803,7,2002,Gable,1494,Y,1494,0,2,0,3,1,6,2,530,221000
606,13600,7,1965,Gable,768,Y,1186,800,2,1,3,1,7,2,486,205000
607,12464,5,1996,Gable,1040,Y,1040,0,1,0,3,1,6,2,576,152000
608,7800,5,1948,Gable,896,Y,1112,896,3,0,3,1,8,1,230,225000
609,12168,8,1934,Gable,965,Y,1940,1254,2,1,4,1,10,2,380,359100
610,7943,4,1961,Gable,1029,Y,1029,0,1,0,3,1,5,1,261,118500
611,11050,9,2000,Hip,1440,Y,1476,677,2,1,3,1,8,3,736,313000
612,10395,6,1978,Gable,1032,Y,1032,0,2,0,3,1,6,2,564,148000
613,11885,8,2001,Gable,1299,Y,1299,573,2,1,3,1,7,2,531,261500
614,8402,5,2007,Gable,1120,Y,1120,0,1,0,3,1,6,0,0,147000
615,1491,4,1972,Gable,630,Y,630,0,1,0,1,1,3,0,0,75500
616,8800,6,1963,Gable,936,Y,1054,0,1,0,3,1,6,2,480,137500
617,7861,6,2002,Gable,783,Y,807,702,2,1,3,1,7,2,393,183200
618,7227,6,1954,Gable,832,Y,832,0,1,0,2,1,4,2,528,105500
619,11694,9,2007,Hip,1822,Y,1828,0,2,0,3,1,9,3,774,314813
620,12244,8,2003,Hip,1482,Y,1482,780,2,1,4,1,10,3,749,305000
621,8248,3,1914,Gable,864,N,864,0,1,0,2,1,5,0,0,67000
622,10800,6,1974,Gable,1522,Y,1548,1066,2,1,4,1,9,2,624,240000
623,7064,5,1977,Gable,980,Y,980,0,1,0,3,1,6,2,484,135000
624,2117,6,2000,Gable,756,Y,756,756,2,1,2,1,4,2,440,168500
625,10400,6,1972,Gable,732,Y,1012,778,1,2,4,1,8,2,484,165150
626,10000,6,1962,Hip,1116,Y,1116,0,1,1,3,1,5,2,440,160000
627,12342,5,1960,Hip,978,Y,1422,0,1,0,3,1,6,1,286,139900
628,9600,6,1955,Gable,1156,Y,1520,0,1,0,3,1,7,1,364,153000
629,11606,5,1969,Gable,1040,Y,1040,1040,1,2,5,1,9,2,504,135000
630,9020,6,1964,Gable,1248,Y,1350,0,1,1,3,1,6,2,520,168500
631,9000,5,1880,Gable,636,Y,1089,661,1,0,3,1,8,1,240,124000
632,4590,8,2006,Gable,1554,Y,1554,0,2,0,2,1,6,2,627,209500
633,11900,7,1977,Hip,1386,Y,1411,0,2,0,3,1,6,2,544,82500
634,9250,5,1954,Gable,1056,Y,1056,0,1,0,3,1,6,1,260,139400
635,6979,6,1980,Gable,1056,Y,1056,0,0,0,0,2,4,2,576,144000
636,10896,6,1914,Hip,1440,Y,1440,1440,2,0,8,2,14,0,0,200000
637,6120,2,1936,Gable,264,N,800,0,1,0,1,1,4,0,0,60000
638,6000,5,1954,Gable,811,Y,811,576,2,0,3,2,7,1,256,93000
639,8777,5,1910,Gable,796,Y,796,0,1,0,2,1,4,0,0,85000
640,3982,8,2006,Hip,1520,Y,1567,0,2,0,1,1,7,3,648,264561
641,12677,8,2003,Hip,1518,Y,1518,0,1,1,1,1,6,2,588,274000
642,7050,7,2001,Gable,1057,Y,1057,872,2,1,3,1,7,2,650,226000
643,13860,8,1972,Gable,1952,Y,2000,704,2,1,4,1,9,2,538,345000
644,10793,5,1969,Mansard,780,Y,780,840,2,1,4,1,7,2,462,152000
645,9187,9,2009,Gable,1766,Y,1766,0,2,1,2,1,7,3,478,370878
646,10530,6,1971,Hip,981,Y,981,0,1,1,3,1,5,2,576,143250
647,7200,5,1950,Hip,0,Y,1048,0,1,0,3,1,7,2,420,98300
648,10452,6,1953,Hip,1094,Y,1094,0,1,0,3,1,5,2,495,155000
649,7700,6,1966,Gable,756,Y,1051,788,1,1,4,1,7,2,442,155000
650,1936,4,1970,Gable,630,Y,630,0,1,0,1,1,3,0,0,84500
651,8125,7,2007,Gable,813,Y,822,843,2,1,3,1,7,2,562,205950
652,9084,4,1940,Gable,755,Y,755,755,1,0,4,1,7,1,296,108000
653,8750,7,1996,Gable,880,Y,909,807,2,1,2,1,7,2,512,191000
654,10320,6,1906,Gable,756,Y,756,713,1,0,3,1,7,1,216,135000
655,10437,8,1995,Hip,2109,Y,2113,0,2,1,2,1,7,3,839,350000
656,1680,6,1971,Gable,525,Y,525,567,1,1,3,1,6,1,264,88000
657,10007,5,1959,Gable,1053,Y,1053,0,1,1,3,1,5,1,312,145500
658,7200,7,1931,Gable,776,Y,851,651,1,1,3,1,6,1,270,149000
659,17503,6,1948,Gable,912,Y,912,546,1,0,3,1,6,1,330,97500
660,9937,5,1964,Hip,1486,Y,1486,0,1,0,3,1,7,2,480,167000
661,12384,7,1976,Gable,793,Y,1142,793,2,1,3,1,7,2,550,197900
662,46589,8,1994,Hip,1629,Y,1686,762,2,1,4,1,8,3,711,402000
663,13560,6,1968,Hip,1392,Y,1392,0,1,0,2,1,5,2,576,110000
664,10012,4,1972,Gable,1138,Y,1181,0,2,0,3,1,6,2,588,137500
665,20896,8,2005,Gable,2077,Y,2097,0,1,1,1,1,8,3,1134,423000
666,11194,8,2000,Gable,1406,Y,1454,482,2,1,3,1,7,2,504,230500
667,18450,6,1965,Flat,1021,Y,1465,915,2,1,3,1,7,2,596,129000
668,8125,6,1994,Gable,1408,Y,1679,0,2,0,3,1,7,2,575,193500
669,14175,5,1956,Gable,1188,Y,1437,0,1,1,3,1,6,2,576,168000
670,11600,4,1922,Gable,700,Y,1180,0,1,0,2,1,5,1,252,137500
671,8633,6,2005,Gable,738,Y,738,738,2,1,3,1,7,2,540,173500
672,6629,6,1925,Gambrel,672,N,697,672,2,0,3,1,6,1,300,103600
673,11250,6,1977,Gable,1208,Y,1208,0,1,1,3,1,6,2,546,165000
674,14442,6,1957,Hip,1477,Y,1839,0,2,0,3,1,7,2,416,257500
675,9200,6,1965,Gable,1136,Y,1136,0,1,0,3,1,5,1,384,140000
676,2289,6,1978,Gable,855,Y,855,586,2,1,3,1,7,2,440,148500
677,9600,4,1900,Gable,1095,N,1095,679,2,0,4,2,8,3,779,87000
678,9022,5,1924,Gable,768,Y,792,0,1,0,2,1,5,1,240,109500
679,11844,8,2008,Hip,2046,Y,2046,0,2,1,3,1,7,3,834,372500
680,9945,5,1961,Hip,988,Y,988,0,1,0,3,1,5,2,572,128500
681,8012,6,1980,Gable,923,Y,923,0,2,0,2,1,5,1,264,143000
682,4500,5,1932,Gable,793,Y,848,672,1,0,3,1,6,1,281,159434
683,2887,6,1996,Gable,1291,Y,1291,0,1,0,2,1,6,2,431,173000
684,11248,9,2002,Hip,1626,Y,1668,0,2,0,3,1,7,3,702,285000
685,16770,7,1998,Gable,1195,Y,1195,644,2,1,4,1,7,2,486,221000
686,5062,7,1984,Gable,1190,Y,1190,900,2,0,3,1,6,2,577,207500
687,10207,7,2007,Gable,874,Y,874,887,3,0,3,1,7,2,578,227875
688,5105,7,2004,Gable,551,Y,551,551,2,1,2,1,4,2,480,148800
689,8089,8,2007,Gable,1419,Y,1419,0,2,0,2,1,7,2,567,392000
690,7577,6,2005,Gable,1362,Y,1362,0,2,0,2,1,6,2,460,194700
691,4426,6,2004,Gable,848,Y,848,0,1,0,1,1,3,2,420,141000
692,21535,10,1994,Gable,2444,Y,2444,1872,3,1,4,1,10,3,832,755000
693,26178,7,1989,Hip,1210,Y,1238,1281,2,1,4,1,9,2,628,335000
694,5400,5,1921,Gable,1073,Y,1073,0,1,0,2,1,4,1,326,108480
695,6120,5,1936,Gable,927,Y,1067,472,1,1,3,1,5,2,576,141500
696,13811,6,1987,Gable,1112,Y,1137,0,2,0,2,1,5,2,551,176000
697,6000,5,1921,Gable,616,Y,616,0,1,0,2,1,4,1,205,89000
698,6420,5,1952,Gable,980,Y,1148,0,1,0,2,1,6,1,308,123500
699,8450,5,1965,Gable,894,Y,894,0,1,0,3,1,5,1,336,138500
700,4282,7,2004,Gable,1391,Y,1391,0,2,0,2,1,5,2,530,196000
701,14331,8,2002,Hip,1800,Y,1800,0,2,0,3,1,7,3,765,312500
702,9600,7,1969,Hip,1164,Y,1164,0,1,1,3,1,6,2,528,140000
703,12438,8,2006,Hip,1234,Y,1264,1312,2,1,4,1,10,3,666,361919
704,7630,5,1900,Gable,360,Y,1032,780,2,0,4,2,8,2,672,140000
705,8400,7,2004,Gable,1473,Y,1484,0,2,0,3,1,7,2,606,213000
706,5600,4,1930,Hip,0,N,372,720,2,0,3,2,7,0,0,55000
707,115149,7,1971,Gable,1643,Y,1824,0,2,0,2,1,5,2,739,302000
708,6240,8,2006,Hip,1324,Y,1324,0,2,0,2,1,6,2,550,254000
709,9018,7,2007,Hip,728,Y,728,728,2,1,3,1,8,2,400,179540
710,7162,5,1966,Gable,876,Y,904,0,1,0,3,1,6,1,408,109900
711,4130,3,1935,Gable,270,Y,729,0,1,0,2,1,5,0,0,52000
712,8712,4,1900,Gable,859,Y,859,319,1,0,2,1,7,1,384,102776
713,4671,8,1988,Gable,1228,Y,1228,0,2,0,2,1,5,2,472,189000
714,9873,4,1970,Gable,960,N,960,0,1,0,3,1,6,2,576,129000
715,13517,6,1976,Gable,725,Y,725,754,2,1,3,1,6,2,475,130500
716,10140,6,1974,Hip,1064,Y,1350,0,2,0,3,1,7,2,478,165000
717,10800,7,1890,Gable,718,Y,1576,978,1,1,3,1,8,2,704,159500
718,10000,5,1973,Gable,1176,Y,1178,0,1,1,3,1,5,2,439,157000
719,10542,7,1993,Hip,1311,Y,1325,1093,2,1,3,1,9,3,983,341000
720,9920,5,1969,Gable,971,Y,971,0,1,1,3,1,5,1,300,128500
721,6563,8,1985,Gable,1742,Y,1742,0,2,0,2,1,5,2,564,275000
722,4426,6,2004,Gable,848,Y,848,0,1,0,1,1,3,2,420,143000
723,8120,4,1970,Gable,864,Y,864,0,1,0,3,1,5,2,463,124500
724,8172,4,1954,Gable,941,Y,997,473,2,0,4,1,7,1,548,135000
725,13286,9,2007,Hip,1698,Y,1698,0,2,0,3,1,8,3,768,320000
726,6960,4,1970,Gable,864,Y,864,0,1,0,3,1,5,2,660,120500
727,21695,6,1988,Hip,880,Y,1680,0,2,0,3,1,5,2,540,222000
728,7314,7,2007,Gable,1232,Y,1232,0,2,0,2,1,6,2,632,194500
729,11475,5,1958,Gable,1584,Y,1776,0,2,0,4,2,9,3,888,110000
730,6240,4,1925,Gable,780,Y,848,0,1,0,2,1,5,2,539,103000
731,5389,8,1995,Gable,1595,Y,1616,0,2,0,2,1,5,2,608,236500
732,9590,7,2003,Gable,868,Y,1146,0,2,0,3,1,6,2,438,187500
733,11404,7,1998,Gable,1153,Y,1153,878,2,1,3,1,8,2,541,222500
734,10000,5,1961,Hip,864,Y,1144,0,1,0,3,1,6,1,264,131400
735,8978,5,1968,Gable,948,Y,948,0,1,0,3,1,6,1,300,108000
736,10800,7,1914,Gable,880,N,880,888,1,1,2,1,6,2,320,163000
737,8544,3,1950,Gable,0,N,1040,0,2,0,2,2,6,2,400,93500
738,10463,8,2005,Gable,893,Y,901,900,2,1,3,1,8,3,800,239900
739,10800,5,1987,Gable,1200,Y,1200,0,3,0,3,1,5,0,0,179000
740,9313,7,2004,Gable,864,Y,864,864,2,1,3,1,7,2,572,190000
741,9600,5,1910,Gable,264,Y,768,664,2,0,2,1,7,2,360,132000
742,6768,6,1961,Hip,912,Y,912,0,1,0,3,1,5,1,288,142000
743,8450,7,2000,Gable,1349,Y,1349,0,2,0,3,1,6,2,539,179000
744,12886,5,1963,Gable,520,Y,1464,0,2,0,3,1,6,2,480,175000
745,5395,8,1993,Gable,1337,Y,1337,0,2,0,2,1,5,2,462,180000
746,8963,8,1976,Hip,1142,Y,1175,1540,3,1,4,1,11,2,831,299800
747,8795,7,2000,Gable,952,Y,980,1276,2,1,4,1,8,2,554,236000
748,11700,7,1880,Mansard,1240,N,1320,1320,1,1,4,1,8,4,864,265979
749,10593,7,1996,Hip,1720,Y,1720,0,2,0,3,1,7,2,527,260400
750,8405,4,1945,Gable,0,N,1088,441,2,0,4,1,9,1,240,98000
751,8800,4,1910,Gable,576,Y,792,348,1,0,3,1,7,0,0,96500
752,7750,7,2003,Gable,660,Y,660,660,2,1,3,1,6,2,400,162000
753,9236,6,1997,Gable,1479,Y,1494,0,2,0,3,1,6,2,576,217000
754,10240,8,2005,Gable,1030,Y,1038,1060,2,1,3,1,8,3,878,275500
755,7930,6,1969,Gable,1026,Y,1026,0,1,0,3,1,5,2,440,156000
756,3230,6,1999,Gable,729,Y,742,729,2,1,3,1,6,2,440,172500
757,10769,8,2007,Gable,866,Y,866,902,2,1,3,1,7,2,578,212000
758,11616,6,1978,Hip,672,Y,672,714,2,1,3,1,6,2,440,158900
759,2280,7,1999,Gable,744,Y,757,744,2,1,3,1,6,2,440,179400
760,12257,8,1995,Gable,1318,Y,1328,1203,2,1,4,1,9,3,752,290000
761,9100,6,1959,Hip,864,Y,864,0,1,0,2,1,5,1,300,127500
762,6911,5,1924,Gable,1145,Y,1301,0,1,0,2,1,5,2,440,100000
763,8640,7,2009,Gable,756,Y,764,783,2,1,3,1,7,2,614,215200
764,9430,8,1999,Gable,1252,Y,1268,1097,2,1,3,1,8,3,856,337000
765,9549,8,1995,Hip,1494,Y,1494,0,1,1,2,1,6,2,481,270000
766,14587,9,2008,Gable,1498,Y,1506,0,2,0,2,1,6,2,592,264132
767,10421,7,1988,Gable,980,Y,980,734,2,1,3,1,7,2,496,196500
768,12508,6,1940,Gable,983,Y,983,767,2,0,4,1,7,1,423,160000
769,9100,7,2004,Hip,1860,Y,1836,0,2,0,3,1,8,2,484,216837
770,53504,8,2003,Hip,1650,Y,1690,1589,3,1,4,1,12,3,841,538000
771,7252,5,1982,Hip,858,Y,858,0,1,0,2,1,5,2,576,134900
772,8877,4,1951,Gable,836,Y,1220,0,1,0,2,1,6,2,396,102000
773,7819,6,1976,Gable,1029,Y,1117,0,1,0,3,1,6,2,672,107000
774,10150,5,1958,Gable,912,Y,912,0,1,0,2,1,5,1,275,114500
775,14226,8,2006,Hip,1935,Y,1973,0,2,0,3,1,9,3,895,395000
776,4500,6,1998,Hip,1204,Y,1204,0,2,0,2,1,5,2,412,162000
777,11210,7,2005,Gable,1614,Y,1614,0,2,0,3,1,7,3,865,221500
778,13350,5,1974,Hip,864,Y,894,0,1,0,3,1,5,2,440,142500
779,8400,5,1977,Gable,0,Y,2020,0,2,0,4,2,10,2,630,144000
780,10530,6,1977,Gable,975,Y,1004,0,1,0,2,1,4,2,504,135000
781,7875,7,1995,Gable,1237,Y,1253,0,2,0,3,1,6,2,402,176000
782,7153,6,1992,Gable,761,Y,810,793,2,1,3,1,7,2,484,175900
783,16285,7,2001,Gable,1413,Y,1430,0,2,0,3,1,6,2,605,187100
784,9101,5,1978,Gable,1097,Y,1110,0,1,0,1,1,4,2,602,165500
785,6300,6,1914,Gable,742,Y,742,742,2,0,3,1,9,0,0,128000
786,9790,6,1967,Gable,1372,Y,1342,0,2,0,3,1,7,2,457,161500
787,10800,5,1915,Gable,686,Y,966,686,2,0,4,1,7,1,416,139000
788,10142,7,2004,Gable,956,Y,956,1128,2,1,4,1,8,2,618,233000
789,6000,4,1954,Gable,901,Y,901,0,1,0,2,1,4,1,281,107900
790,12205,6,1966,Gable,832,Y,976,1111,2,1,5,1,9,2,444,187500
791,3182,7,2005,Gable,1145,Y,1145,0,2,0,2,1,5,2,397,160200
792,11333,6,1976,Gable,1029,Y,1062,0,1,0,3,1,5,2,539,146800
793,9920,7,1996,Gable,1117,Y,1127,886,2,1,3,1,8,2,455,269790
794,9158,8,2007,Gable,1496,Y,1496,0,2,0,3,1,7,2,474,225000
795,10832,7,1994,Gable,712,Y,1086,809,2,1,3,1,7,2,409,194500
796,8400,6,1980,Gable,650,Y,888,676,2,1,3,1,7,2,476,171000
797,8197,6,1977,Gable,660,Y,1285,0,1,1,3,1,7,2,528,143500
798,7677,5,1953,Gable,773,Y,773,0,1,0,2,1,4,1,240,110000
799,13518,9,2008,Hip,1926,Y,1966,1174,3,1,4,1,11,3,820,485000
800,7200,5,1937,Gable,731,Y,981,787,1,1,3,1,7,1,240,175000
801,12798,6,1997,Gable,616,Y,616,1072,2,1,4,1,8,2,603,200000
802,4800,4,1916,Gable,1196,Y,1196,0,1,0,2,1,5,2,440,109900
803,8199,7,2005,Gable,728,Y,728,728,2,1,3,1,7,2,410,189000
804,13891,9,2008,Hip,1734,Y,1734,1088,3,1,4,1,12,3,1020,582933
805,9000,5,1954,Gable,936,Y,1128,0,1,0,2,1,5,1,286,118000
806,12274,7,2008,Gable,1417,Y,1428,0,2,0,3,1,6,2,554,227680
807,9750,5,1967,Gable,980,Y,980,0,2,0,3,1,6,1,384,135500
808,21384,5,1923,Gable,1324,Y,1072,504,1,1,3,1,6,2,528,223500
809,13400,5,1966,Gable,1024,Y,1086,0,1,0,3,1,6,2,484,159950
810,8100,5,1898,Hip,849,N,1075,1063,2,0,2,3,11,2,360,106000
811,10140,6,1974,Hip,1040,Y,1309,0,1,1,3,1,5,2,484,181000
812,4438,6,2004,Gable,848,Y,848,0,1,0,1,1,4,2,420,144500
813,8712,5,1952,Hip,540,N,1044,0,1,0,2,1,4,2,504,55993
814,9750,6,1958,Gable,1442,Y,1442,0,1,1,4,1,7,1,301,157900
815,8248,5,1918,Gable,686,Y,686,564,1,1,3,1,7,1,280,116000
816,12137,7,1998,Gable,1649,Y,1661,0,2,0,3,1,6,2,598,224900
817,11425,5,1954,Gable,1008,Y,1008,0,1,0,2,1,4,1,275,137000
818,13265,8,2002,Hip,1568,Y,1689,0,2,0,3,1,7,3,857,271000
819,8816,6,1971,Gable,1010,Y,1052,0,1,0,3,1,6,2,440,155000
820,6371,7,2009,Gable,1358,Y,1358,0,2,0,2,1,6,2,484,224000
821,7226,7,2003,Gable,798,Y,798,842,2,1,3,1,6,2,595,183000
822,6000,4,1953,Gable,936,N,936,0,1,0,2,1,4,2,576,93000
823,12394,7,2003,Gable,847,Y,847,886,2,1,3,1,7,2,433,225000
824,9900,6,1940,Gable,778,Y,944,545,2,0,3,1,7,1,240,139500
825,11216,8,2006,Gable,1489,Y,1489,0,2,0,3,1,7,2,776,232600
826,14803,10,2007,Hip,2078,Y,2084,0,2,0,2,1,7,3,1220,385000
827,6130,5,1924,Gable,784,Y,784,0,1,0,2,1,5,0,0,109500
828,8529,7,2001,Gable,1454,Y,1434,0,2,0,3,1,6,2,527,189000
829,28698,5,1967,Flat,1013,Y,1160,966,2,1,3,1,7,2,538,185000
830,2544,7,2005,Gable,600,Y,520,623,2,1,2,1,4,2,480,147400
831,11900,6,1957,Gable,1392,Y,1392,0,1,1,3,1,6,2,458,166000
832,3180,7,2005,Gable,600,Y,520,600,2,1,2,1,4,2,480,151000
833,9548,7,2003,Gable,941,Y,941,888,2,1,3,1,7,2,613,237000
834,10004,6,1964,Gable,1516,Y,1516,0,1,1,3,1,6,2,472,167000
835,7875,5,1961,Gable,1144,Y,1144,0,1,0,3,1,6,2,456,139950
836,9600,4,1950,Gable,1067,Y,1067,0,2,0,2,1,4,2,436,128000
837,8100,5,1948,Gable,1559,Y,1559,0,1,0,2,1,5,2,812,153500
838,1680,6,1973,Gable,483,Y,483,504,1,1,2,1,5,1,264,100000
839,9525,5,1995,Gable,1099,Y,1099,0,1,1,3,1,6,1,352,144000
840,11767,5,1946,Gable,768,Y,768,432,1,0,3,1,6,1,240,130500
841,12155,6,1925,Gable,672,N,810,672,2,0,4,1,7,1,400,140000
842,10440,5,1904,Gable,650,Y,958,581,2,0,3,1,8,2,686,157500
843,9020,6,1966,Gable,1127,Y,1165,0,1,1,3,1,6,2,490,174900
844,8000,5,1961,Gable,1800,N,1800,0,2,0,6,2,10,0,0,141000
845,12665,5,1915,Gable,876,Y,876,540,1,1,4,1,7,3,720,153900
846,16647,5,1975,Gable,1390,Y,1701,0,2,0,3,1,6,2,611,171000
847,9317,7,1993,Gable,740,Y,1006,769,2,1,3,1,7,2,425,213000
848,15523,5,1972,Gable,864,Y,864,0,1,0,3,1,5,1,338,133500
849,45600,6,1908,Gable,907,Y,1307,1051,3,0,5,1,10,2,360,240000
850,9600,6,1976,Hip,528,Y,1094,761,2,1,3,1,7,2,512,187000
851,4435,6,2003,Gable,848,Y,848,0,1,0,1,1,3,2,420,131500
852,3196,8,2003,Gable,1273,Y,1456,0,2,0,2,1,7,2,400,215000
853,7128,7,1941,Gable,918,Y,918,728,2,0,4,1,7,1,240,164000
854,12095,6,1964,Gable,1127,Y,1445,0,1,1,3,1,7,2,645,158000
855,17920,5,1955,Hip,1763,Y,1779,0,1,1,3,1,6,2,454,170000
856,6897,5,1962,Gable,1040,Y,1040,0,1,1,3,1,6,1,260,127000
857,10970,6,1978,Gable,940,Y,1026,0,1,0,3,1,5,2,576,147000
858,8125,6,1994,Gable,702,Y,702,779,2,1,3,1,6,2,343,174000
859,10400,7,1976,Gable,1090,Y,1370,0,2,0,3,1,6,2,479,152000
860,11029,6,1968,Gable,1054,Y,1512,1142,2,1,4,1,9,2,619,250000
861,7642,7,1918,Gable,912,Y,912,514,1,1,3,1,7,1,216,189950
862,11625,5,1965,Hip,1039,Y,1039,0,1,1,3,1,6,2,504,131500
863,9672,6,1984,Hip,1040,Y,1097,0,2,0,3,1,6,2,480,152000
864,7931,5,1959,Hip,1148,Y,1148,0,1,0,3,1,6,1,672,132500
865,8640,7,2007,Gable,1372,Y,1372,0,2,0,3,1,6,2,529,250580
866,8750,5,1970,Gable,1002,Y,1002,0,1,0,3,1,5,2,902,148500
867,10656,8,2006,Gable,1638,Y,1646,0,2,0,3,1,6,3,870,248900
868,6970,4,1961,Gable,1040,Y,1120,0,1,1,3,1,5,2,544,129000
869,14762,5,1948,Gable,0,Y,1547,720,2,0,2,1,7,2,672,169000
870,9938,7,1993,Gable,1050,Y,1062,887,2,1,3,1,8,2,574,236000
871,6600,5,1962,Hip,894,N,894,0,1,0,2,1,5,1,308,109500
872,8750,6,1998,Gable,804,Y,804,878,2,1,3,1,7,2,523,200500
873,8892,5,1953,Gable,105,Y,910,0,1,0,3,1,5,2,414,116000
874,12144,5,1949,Gable,832,Y,1036,0,1,0,3,1,6,1,288,133000
875,5720,5,1941,Gable,676,Y,676,455,1,1,3,1,5,1,200,66500
876,9000,8,2007,Gable,1184,Y,1184,1426,2,1,4,1,11,2,550,303477
877,25286,4,1963,Gable,1064,Y,1040,0,1,0,3,1,5,2,648,132250
878,8834,9,2004,Hip,1462,Y,1462,762,2,1,4,1,10,3,738,350000
879,11782,5,1961,Gable,1109,Y,1155,0,1,0,3,1,6,2,576,148000
880,7000,5,1978,Gable,864,Y,864,0,1,0,3,1,6,1,336,136500
881,7024,5,2005,Gable,1090,Y,1090,0,1,1,2,1,5,2,450,157000
882,13758,7,1990,Gable,1156,Y,1187,530,2,1,3,1,7,2,400,187500
883,9636,6,1992,Gable,808,Y,808,785,2,1,3,1,7,2,389,178000
884,6204,4,1912,Gable,795,N,954,795,1,0,5,1,10,1,440,118500
885,7150,5,1967,Gable,892,Y,892,0,1,0,3,1,5,1,288,100000
886,5119,9,1999,Gable,1698,Y,1709,0,2,0,2,1,5,2,506,328900
887,8393,5,1959,Gable,1626,Y,1712,0,2,0,4,2,8,2,588,145000
888,16466,5,1955,Gable,816,Y,872,521,1,1,3,1,8,1,300,135500
889,15865,8,1970,Flat,2217,Y,2217,0,2,0,4,1,8,2,621,268000
890,12160,6,1953,Hip,1505,Y,1505,0,1,0,2,1,6,2,505,149500
891,8064,5,1949,Gable,672,Y,672,252,1,0,3,1,6,2,576,122900
892,11184,6,1978,Hip,918,Y,918,765,2,1,3,1,7,2,440,172500
893,8414,6,1963,Hip,1059,Y,1068,0,1,0,3,1,6,1,264,154500
894,13284,5,1954,Gable,1383,Y,1383,0,1,0,3,1,6,1,354,165000
895,7018,5,1979,Gable,0,Y,1535,0,2,0,4,2,8,2,400,118858
896,7056,6,1963,Hip,780,Y,983,813,1,1,4,1,8,2,483,140000
897,8765,4,1936,Gable,951,N,951,0,1,0,2,1,6,1,327,106500
898,7018,5,1979,Gable,0,Y,1120,1120,2,0,6,2,12,2,528,142953
899,12919,9,2009,Hip,2330,Y,2364,0,2,1,2,1,11,3,820,611657
900,6993,5,1961,Gable,912,Y,1236,0,1,0,3,1,6,1,288,135000
901,7340,4,1971,Gable,858,Y,858,0,1,0,2,1,4,1,684,110000
902,8712,5,1957,Hip,992,Y,1306,0,1,0,2,1,5,1,756,153000
903,7875,7,2003,Gable,783,Y,807,702,2,1,3,1,8,2,393,180000
904,14859,7,2006,Hip,1670,Y,1670,0,2,0,3,1,7,3,690,240000
905,6173,5,1967,Gable,876,Y,902,0,1,0,3,1,6,1,288,125500
906,9920,5,1954,Gable,1056,Y,1063,0,1,0,3,1,6,1,280,128000
907,13501,8,2006,Gable,1623,Y,1636,0,2,0,3,1,8,3,865,255000
908,11500,7,1936,Gable,1017,Y,1020,1037,1,1,3,1,6,1,180,250000
909,8885,5,1983,Gable,864,Y,902,0,1,0,2,1,5,2,484,131000
910,12589,6,2005,Gable,742,Y,742,742,2,1,3,1,8,2,390,174000
911,11600,5,1960,Gable,1105,Y,1105,1169,2,0,5,2,12,2,480,154300
912,9286,5,1977,Gable,1268,Y,1268,0,1,1,3,1,5,1,252,143500
913,6120,5,1925,Gable,768,N,1015,0,1,0,3,1,6,1,450,88000
914,6270,5,1949,Gable,1001,N,1001,1001,2,0,4,2,8,3,871,145000
915,3000,6,2009,Gable,612,Y,612,612,2,1,2,1,4,2,528,173733
916,2001,4,1970,Gable,546,Y,546,546,1,1,3,1,6,1,286,75000
917,9000,2,1949,Gable,480,N,480,0,0,0,1,1,4,1,308,35311
918,17140,4,1956,Gable,1134,Y,1229,0,1,0,3,1,6,1,284,135000
919,13125,7,1991,Gable,1104,Y,912,1215,2,1,4,1,8,3,833,238000
920,11029,6,1958,Hip,1184,Y,1414,0,1,0,3,1,6,2,601,176500
921,8462,6,1994,Gable,928,Y,936,785,2,1,3,1,7,2,471,201000
922,8777,5,1900,Gable,1272,Y,1272,928,2,2,4,2,9,0,0,145900
923,10237,6,2005,Gable,1316,Y,1316,0,2,0,3,1,6,2,397,169990
924,8012,6,1993,Gable,1604,Y,1617,0,2,0,2,1,5,2,533,193000
925,10240,6,1980,Gable,1686,Y,1686,0,2,0,3,1,7,2,612,207500
926,15611,5,1977,Gable,1126,Y,1126,0,2,0,3,1,6,2,540,175000
927,11999,8,2003,Hip,1181,Y,1234,1140,2,1,4,1,10,3,656,285000
928,9900,7,1968,Gable,832,Y,1098,880,2,1,4,1,9,2,486,176000
929,11838,8,2001,Hip,1753,Y,1788,0,2,0,3,1,7,2,522,236500
930,13006,7,1997,Gable,964,Y,993,1243,2,1,4,1,8,2,642,222000
931,8925,8,2007,Gable,1466,Y,1466,0,2,0,3,1,7,3,610,201000
932,9100,5,1965,Gable,925,Y,925,0,1,0,2,1,5,1,429,117500
933,11670,9,2006,Hip,1905,Y,1905,0,2,0,3,1,8,3,788,320000
934,8487,7,2004,Gable,1500,Y,1500,0,2,0,3,1,6,2,570,190000
935,27650,7,1960,Flat,585,Y,2069,0,2,0,4,1,9,2,505,242000
936,5825,4,1926,Gable,600,Y,747,0,1,0,1,1,5,2,528,79900
937,10083,7,2003,Gable,1176,Y,1200,0,2,0,2,1,5,2,555,184900
938,9675,7,2005,Gable,1113,Y,1113,858,2,1,3,1,8,2,689,253000
939,8760,7,2006,Gable,1391,Y,1391,571,2,1,3,1,7,3,868,239799
940,24090,7,1940,Gable,1032,Y,1207,1196,2,0,4,1,10,1,349,244400
941,12640,6,1976,Gable,1728,Y,1728,0,2,0,4,2,8,2,574,150900
942,8755,7,1999,Gable,992,Y,1022,1038,2,1,3,1,8,2,390,214000
943,7711,4,1977,Gable,1440,Y,1440,0,2,0,4,2,8,0,0,150000
944,25000,5,1967,Gable,1632,Y,1632,0,2,0,4,2,8,2,576,143000
945,14375,6,1958,Gable,819,Y,1344,0,1,0,3,1,7,2,525,137500
946,8820,5,1890,Hip,1088,Y,1188,561,1,0,2,1,7,2,456,124900
947,8163,5,1959,Gable,1144,Y,1144,0,1,0,3,1,6,1,796,143000
948,14536,8,2002,Hip,1616,Y,1629,0,2,0,3,1,9,3,808,270000
949,14006,7,2002,Gable,936,Y,936,840,2,1,3,1,7,2,474,192500
950,9360,6,1972,Hip,1161,Y,1381,0,1,1,3,1,5,2,676,197500
951,7200,5,1950,Gable,864,Y,864,0,1,0,3,1,5,2,720,129000
952,7800,5,1965,Gable,828,Y,965,0,1,0,3,1,6,1,300,119900
953,7200,5,1972,Gable,768,Y,768,0,1,0,2,1,5,1,396,133900
954,11075,5,1969,Gable,784,Y,1168,800,2,1,4,1,7,2,530,172000
955,9400,6,1975,Flat,945,Y,980,0,2,0,4,0,4,0,0,127500
956,7136,6,1946,Gable,979,N,979,979,2,0,4,2,8,2,492,145000
957,1300,6,1980,Gable,561,Y,561,668,1,1,2,1,5,2,462,124000
958,7420,5,1962,Hip,1057,Y,1057,0,1,0,3,1,6,2,576,132000
959,8450,7,2003,Gable,1337,Y,1337,0,2,0,3,1,6,2,531,185000
960,2572,7,1999,Hip,696,Y,696,720,2,1,3,1,6,2,484,155000
961,7207,5,1958,Gable,858,Y,858,0,1,0,2,1,4,0,0,116500
962,12227,6,1977,Gable,1330,Y,1542,1330,2,1,4,1,11,2,619,272000
963,2308,6,1976,Gable,804,Y,804,744,2,1,3,1,7,2,440,155000
964,11923,9,2007,Gable,1800,Y,1800,0,2,0,2,1,7,2,702,239000
965,11316,7,2002,Gable,817,Y,824,1070,2,1,4,1,8,2,510,214900
966,10237,6,2005,Gable,783,Y,783,701,2,1,3,1,8,2,393,178900
967,9600,5,1940,Gable,728,Y,976,332,1,1,2,1,7,1,256,160000
968,7390,5,1955,Hip,1098,Y,1098,0,1,0,3,1,6,1,260,135000
969,5925,3,1910,Gable,600,N,600,368,1,0,2,1,6,0,0,37900
970,10382,6,1958,Hip,588,Y,1095,0,1,0,2,1,6,1,264,140000
971,10800,4,1949,Gable,720,N,720,472,1,1,4,1,6,0,0,135000
972,2268,7,2003,Gable,764,Y,764,862,2,0,2,1,6,2,474,173000
973,7892,6,1979,Gable,918,Y,918,0,2,0,2,1,5,1,264,99500
974,11639,7,2007,Gable,1428,Y,1428,0,2,0,3,1,6,2,480,182000
975,11414,7,1910,Gable,728,N,1136,883,1,0,3,1,8,2,532,167500
976,2651,7,2000,Gable,673,Y,673,709,2,1,3,1,6,2,490,165000
977,5900,4,1923,Gable,440,Y,869,0,1,0,2,1,4,0,0,85500
978,4274,7,2006,Gable,1241,Y,1241,0,1,1,1,1,4,2,569,199900
979,9450,4,1954,Gable,894,Y,894,0,1,0,3,1,5,2,400,110000
980,8816,5,1963,Gable,1121,Y,1121,0,1,0,3,1,5,2,480,139000
981,12122,7,1961,Gable,944,Y,999,0,1,0,3,1,6,2,588,178400
982,12203,8,1998,Hip,1225,Y,1276,1336,2,1,4,1,8,3,676,336000
983,3182,7,2007,Gable,1266,Y,1266,0,2,0,2,1,6,2,388,159895
984,11250,8,2002,Gable,1128,Y,1149,1141,2,1,4,1,9,2,779,255900
985,10125,5,1977,Gable,0,Y,1302,432,2,0,4,2,8,2,539,126000
986,10880,5,1950,Gable,1164,N,1164,0,1,0,3,1,5,1,240,125000
987,5310,6,1910,Hip,485,Y,1001,634,1,0,2,1,5,1,255,117000
988,10159,9,2009,Hip,1930,Y,1940,0,2,1,3,1,8,3,606,395192
989,12046,6,1976,Gable,848,Y,1118,912,2,1,4,1,8,2,551,195000
990,8125,7,2006,Gable,770,Y,778,798,2,1,3,1,6,2,614,197000
991,9452,8,1997,Gable,1396,Y,1407,985,2,1,3,1,7,3,870,348000
992,17671,8,1882,Gable,916,Y,916,826,1,1,4,1,8,2,424,168000
993,9760,6,1964,Hip,822,Y,1020,831,2,1,3,1,7,2,440,187000
994,8846,6,2005,Gable,750,Y,750,750,2,1,3,1,6,2,564,173900
995,12456,10,2006,Hip,1700,Y,1718,0,2,0,3,1,7,3,786,337500
996,4712,4,1946,Gable,747,Y,774,456,1,1,3,1,5,1,305,121600
997,10659,5,1961,Hip,1050,Y,1050,0,1,0,3,1,6,1,368,136500
998,11717,6,1970,Hip,1442,Y,1442,0,2,0,2,1,6,2,615,185000
999,9786,3,1922,Hip,1007,N,1077,0,1,0,3,1,6,1,210,91000
1000,6762,7,2006,Gable,1187,Y,1208,0,2,0,2,1,6,2,632,206000
1001,10206,3,1952,Flat,0,N,944,0,1,0,2,1,4,2,528,82000
1002,5400,5,1920,Gable,691,Y,691,0,1,0,2,1,4,1,216,86000
1003,11957,8,2006,Gable,1574,Y,1574,0,2,0,3,1,7,3,824,232000
1004,11500,5,1976,Gable,1680,Y,1680,0,2,0,4,2,8,2,528,136905
1005,3182,7,2005,Gable,1346,Y,1504,0,2,0,1,1,7,2,457,181000
1006,8385,5,1977,Gable,985,Y,985,0,2,0,3,1,6,1,328,149900
1007,12155,6,1970,Gable,1657,Y,1657,0,2,0,3,1,7,2,484,163500
1008,2217,4,1970,Gable,546,Y,546,546,1,1,3,1,6,1,286,88000
1009,12118,7,2004,Hip,1710,Y,1710,0,2,0,3,1,7,2,550,240000
1010,6000,5,1926,Gable,1008,Y,1008,0,2,0,4,1,7,0,0,102000
1011,21286,5,1948,Gable,720,Y,720,551,2,0,4,1,7,1,312,135000
1012,9825,5,1965,Hip,0,N,1664,0,2,0,4,2,8,0,0,100000
1013,10592,6,1923,Hip,602,Y,900,602,1,1,3,1,7,1,180,165000
1014,7200,5,1910,Hip,1022,N,1022,0,1,0,2,1,4,1,280,85000
1015,11664,6,1948,Gable,1082,Y,1082,0,1,0,2,1,5,1,240,119200
1016,8400,8,2001,Gable,810,Y,810,855,2,1,3,1,6,2,528,227000
1017,11883,7,1996,Hip,1504,Y,1504,0,2,0,3,1,6,2,478,203000
1018,5814,8,1984,Gable,1220,Y,1360,0,1,0,1,1,4,2,565,187500
1019,10784,7,1991,Gable,384,Y,802,670,2,1,3,1,7,2,402,160000
1020,3013,7,2005,Gable,1362,Y,1506,0,2,0,2,1,6,2,440,213490
1021,7024,4,2005,Gable,1132,Y,1132,0,1,1,2,1,5,2,451,176000
1022,7406,7,2006,Gable,1199,Y,1220,0,2,0,2,1,6,2,632,194000
1023,9439,5,1930,Gable,912,Y,912,336,1,0,2,1,6,1,160,87000
1024,3182,7,2005,Gable,1346,Y,1504,0,2,0,2,1,7,2,437,191000
1025,15498,8,1976,Hip,1565,Y,2898,0,2,0,2,1,10,2,665,287000
1026,7700,5,1972,Gable,882,Y,882,0,1,0,3,1,5,2,461,112500
1027,9300,5,1960,Gable,1268,Y,1264,0,1,0,3,1,6,2,461,167500
1028,9520,8,2007,Gable,1638,Y,1646,0,2,0,3,1,7,3,800,293077
1029,9492,5,1941,Gable,768,Y,968,408,1,0,3,1,6,1,240,105000
1030,1680,6,1972,Gable,672,Y,672,546,1,1,3,1,7,1,264,118000
1031,7082,5,1916,Gable,686,Y,948,980,2,0,5,2,10,0,0,160000
1032,15863,7,1920,Gable,824,Y,1687,998,2,1,5,1,12,2,672,197000
1033,14541,8,1993,Gable,1338,Y,1352,1168,2,1,5,1,10,3,796,310000
1034,8125,7,2002,Gable,1654,Y,1654,0,2,0,3,1,6,3,900,230000
1035,6305,5,1938,Gable,920,Y,954,0,1,0,2,1,5,1,240,119750
1036,11500,4,1957,Gable,0,N,845,0,1,0,3,1,5,1,290,84000
1037,12898,9,2007,Hip,1620,Y,1620,0,2,0,2,1,6,3,912,315500
1038,9240,8,2001,Gable,1055,Y,1055,1208,2,1,3,1,7,2,905,287000
1039,1533,4,1970,Gable,546,Y,798,546,1,1,3,1,6,0,0,97000
1040,1477,4,1970,Gable,630,Y,630,0,1,0,1,1,3,1,286,80000
1041,13125,5,1957,Gable,1134,Y,1803,0,2,0,3,1,8,2,484,155000
1042,9130,6,1966,Hip,800,Y,800,832,1,1,4,1,7,2,484,173000
1043,5381,6,2005,Gable,1306,Y,1306,0,2,0,1,1,5,2,624,196000
1044,11839,7,1990,Hip,1475,Y,1532,797,2,1,4,1,10,2,514,262280
1045,9600,8,1981,Hip,2524,Y,2524,0,2,1,4,1,9,2,542,278000
1046,13680,3,1955,Hip,0,Y,1733,0,2,0,4,1,8,2,452,139600
1047,16056,9,2005,Hip,1992,Y,1992,876,3,1,4,1,11,3,716,556581
1048,9245,5,1994,Gable,990,Y,990,0,1,0,3,1,5,2,672,145000
1049,21750,5,1960,Hip,0,Y,1771,0,1,0,3,1,9,2,336,115000
1050,11100,4,1946,Gable,0,Y,930,0,1,0,2,1,6,1,308,84900
1051,8993,7,2007,Gable,1302,Y,1302,0,2,0,3,1,6,2,436,176485
1052,11175,7,2007,Gable,1316,Y,1316,0,2,0,3,1,6,2,440,200141
1053,9500,6,1964,Gable,816,Y,1127,850,1,1,4,1,9,2,540,165000
1054,8562,5,1957,Hip,1216,Y,1526,0,1,0,4,1,7,1,364,144500
1055,11367,8,2002,Gable,1065,Y,1091,898,2,1,3,1,7,2,586,255000
1056,11361,6,1976,Gable,1193,Y,1523,0,2,0,3,1,7,2,478,180000
1057,7052,7,2005,Gable,1364,Y,1364,0,2,0,2,1,6,2,484,185850
1058,29959,7,1994,Gable,973,Y,979,871,2,1,3,1,7,2,467,248000
1059,11308,9,2008,Gable,1104,Y,1130,1054,2,1,3,1,10,3,836,335000
1060,11275,6,1932,Gable,854,Y,1096,895,1,1,3,1,7,2,432,220000
1061,4920,8,2001,Gable,1338,Y,1338,0,2,0,2,1,6,2,582,213500
1062,18000,3,1935,Gable,894,Y,894,0,1,0,2,1,6,3,1248,81000
1063,13600,5,1900,Gable,662,N,1422,915,2,0,5,2,10,2,560,90000
1064,6000,6,1925,Gable,1103,Y,1103,0,1,0,2,1,5,2,440,110500
1065,11000,5,1966,Gable,1154,Y,1154,0,1,1,3,1,6,2,480,154000
1066,14000,7,1996,Gable,1306,Y,1306,954,2,1,3,1,7,2,533,328000
1067,7837,6,1993,Gable,799,Y,799,772,2,1,3,1,7,2,380,178000
1068,9760,6,1964,Gable,780,Y,798,813,1,1,4,1,7,2,442,167900
1069,3964,6,1973,Gable,942,Y,1291,1230,2,1,5,1,10,2,576,151400
1070,9600,5,1949,Gable,845,Y,893,0,1,0,2,1,4,2,576,135000
1071,10152,5,1956,Hip,1048,Y,1048,0,1,0,3,1,6,1,286,135000
1072,11700,6,1968,Gable,727,Y,829,727,1,1,4,1,8,2,441,154000
1073,7585,5,1948,Gable,810,Y,1002,454,1,0,4,1,7,1,280,91500
1074,7950,6,1977,Hip,690,Y,698,728,1,1,3,1,6,2,440,159500
1075,8556,7,2006,Gable,1240,Y,1240,0,2,0,2,1,5,3,826,194000
1076,13125,7,1940,Gable,800,Y,960,780,1,1,3,1,6,1,240,219500
1077,10800,5,1936,Gable,796,Y,1096,370,2,0,3,1,7,2,566,170000
1078,15870,5,1969,Gable,1096,Y,1096,0,1,0,3,1,6,1,299,138800
1079,4435,6,2004,Gable,848,Y,848,0,1,0,1,1,3,2,420,155900
1080,8775,5,1994,Gable,990,Y,990,0,1,0,3,1,5,1,299,126000
1081,11040,6,1971,Gable,1258,Y,1258,0,2,0,3,1,5,2,528,145000
1082,7500,5,1963,Gable,1040,Y,1040,0,1,1,3,1,5,1,308,133000
1083,8749,7,2002,Gable,1459,Y,1459,0,2,0,3,1,6,2,527,192000
1084,8800,6,1964,Hip,1251,Y,1251,0,1,0,3,1,6,1,461,160000
1085,13031,6,1995,Gable,691,Y,691,807,2,1,3,1,6,2,409,187500
1086,9069,6,1992,Gable,936,Y,996,0,1,0,2,1,5,2,564,147000
1087,1974,4,1973,Gable,546,Y,546,546,1,1,3,1,6,1,286,83500
1088,10574,8,2005,Gable,1082,Y,1082,871,2,1,3,1,9,3,1043,252000
1089,2522,7,2004,Gable,970,Y,970,739,2,0,3,1,7,2,380,137500
1090,3316,8,2005,Gable,1247,Y,1247,0,1,1,1,1,4,2,550,197000
1091,8544,3,1950,Gable,0,N,1040,0,2,0,2,2,6,2,400,92900
1092,2160,7,1999,Gable,600,Y,624,628,2,1,2,1,4,2,462,160000
1093,8400,6,1925,Gable,1181,Y,1390,304,2,0,4,1,7,2,576,136500
1094,9230,5,1965,Hip,864,Y,1200,0,1,1,1,1,6,2,884,146000
1095,5868,5,1956,Gable,936,Y,936,0,1,0,2,1,4,1,308,129000
1096,9317,6,2006,Gable,1314,Y,1314,0,2,0,3,1,6,2,440,176432
1097,6882,6,1914,Gable,684,Y,773,582,1,1,3,1,7,0,0,127000
1098,3696,8,1986,Gable,1074,Y,1088,0,1,1,2,1,5,2,461,170000
1099,6000,4,1936,Gable,672,Y,757,567,1,0,3,1,6,1,240,128000
1100,11880,7,1978,Gable,1271,Y,1601,0,2,0,3,1,7,2,478,157000
1101,8400,2,1920,Gable,290,N,438,0,1,0,1,1,3,1,246,60000
1102,9758,5,1971,Gable,950,Y,950,0,1,0,3,1,5,1,280,119500
1103,7000,5,1960,Gable,1010,Y,1134,0,1,0,2,1,6,1,254,135000
1104,8910,6,1959,Hip,655,Y,1194,0,1,0,3,1,6,2,539,159500
1105,2016,5,1970,Gable,630,Y,630,672,2,1,3,1,6,2,440,106000
1106,12256,8,1994,Gable,1463,Y,1500,1122,2,1,3,1,9,2,712,325000
1107,10357,7,1990,Hip,910,Y,1442,0,2,0,3,1,6,2,719,179900
1108,23257,7,2006,Gable,868,Y,887,1134,2,1,3,1,9,2,422,274725
1109,8063,6,2000,Gable,924,Y,948,742,2,1,3,1,7,2,463,181000
1110,11362,8,2004,Gable,1836,Y,1836,0,2,0,3,1,7,3,862,280000
1111,8000,6,1995,Gable,773,Y,773,885,2,1,3,1,8,2,431,188000
1112,10480,7,1976,Hip,803,Y,1098,866,2,1,4,1,8,2,483,205000
1113,7100,5,1957,Gable,816,Y,816,0,1,0,2,1,5,1,308,129900
1114,8923,5,1953,Gable,1008,Y,1008,0,1,0,2,1,6,1,240,134500
1115,5400,5,1954,Gable,833,Y,833,0,1,0,2,1,4,1,326,117000
1116,12085,8,2007,Hip,1734,Y,1734,0,2,0,3,1,7,3,928,318000
1117,7750,8,2002,Hip,408,Y,779,640,2,1,3,1,7,2,527,184100
1118,9764,5,1967,Gable,894,Y,894,0,1,0,3,1,5,2,450,130000
1119,13825,5,1958,Gable,533,Y,1021,580,1,0,3,1,6,1,300,140000
1120,7560,5,1959,Gable,1040,Y,1040,0,1,0,3,1,6,1,286,133700
1121,8263,6,1920,Gable,1012,Y,1012,0,1,0,2,1,6,1,308,118400
1122,10084,7,2005,Gable,1552,Y,1552,0,2,0,3,1,7,3,782,212900
1123,8926,4,1956,Gable,672,Y,960,0,1,0,3,1,5,1,288,112000
1124,9405,5,1947,Hip,698,Y,698,0,1,0,2,1,4,0,0,118000
1125,9125,7,1992,Gable,384,Y,812,670,2,1,3,1,7,2,392,163900
1126,10434,4,1955,Gable,1005,Y,1005,0,1,0,2,1,5,2,672,115000
1127,3684,7,2007,Hip,1373,Y,1555,0,2,0,2,1,7,3,660,174000
1128,14572,7,2004,Hip,1530,Y,1530,0,2,0,3,1,7,3,630,259000
1129,11796,7,2004,Gable,847,Y,847,1112,2,1,4,1,8,2,434,215000
1130,7200,5,1980,Gable,936,Y,936,0,1,0,2,1,4,2,672,140000
1131,7804,4,1928,Gable,1122,Y,1328,653,2,0,4,1,7,2,576,135000
1132,10712,5,1991,Gable,974,Y,974,0,1,0,3,1,5,0,0,93500
1133,9900,6,1880,Gable,1008,Y,1178,1032,2,0,5,1,8,1,205,117500
1134,9828,8,1995,Gable,1128,Y,1142,878,2,1,3,1,8,2,466,239500
1135,8773,6,1997,Gable,916,Y,916,684,2,1,3,1,7,2,460,169000
1136,6180,6,1926,Gable,960,N,986,0,1,0,2,1,5,1,180,102000
1137,9600,6,1950,Gable,1032,Y,1032,220,1,0,3,1,6,1,288,119000
1138,6342,5,1875,Gable,780,N,780,240,1,0,2,1,6,0,0,94000
1139,9819,6,1977,Gable,1567,Y,1567,0,2,0,2,1,5,2,714,196000
1140,8731,5,1920,Gable,915,Y,1167,0,1,0,3,1,6,2,495,144000
1141,7350,5,1951,Gable,952,Y,952,0,1,0,2,1,4,2,840,139000
1142,10304,5,1976,Gable,780,Y,1088,780,2,1,4,1,9,2,484,197500
1143,9965,8,2006,Hip,1466,Y,1466,1362,3,0,4,1,11,3,1052,424870
1144,9000,5,1959,Gable,1006,Y,1006,0,1,0,3,1,5,0,0,80000
1145,12180,4,1941,Gable,672,N,672,252,1,0,2,1,5,1,280,80000
1146,6240,5,1928,Gable,1042,Y,1042,534,1,0,3,1,8,1,225,149000
1147,11200,6,1985,Gable,1298,Y,1298,0,2,0,3,1,5,2,403,180000
1148,12000,7,1941,Gable,704,Y,860,704,1,1,3,1,7,1,234,174500
1149,5700,7,1926,Gable,572,Y,572,539,1,0,2,1,5,1,288,116900
1150,9000,7,1920,Hip,650,Y,832,650,1,0,3,1,7,2,324,143000
1151,8280,6,1950,Gable,932,Y,932,0,1,0,2,1,4,1,306,124000
1152,17755,5,1959,Gable,1466,Y,1466,0,1,1,3,1,6,2,528,149900
1153,14115,6,1956,Gable,1073,Y,1811,0,1,0,2,1,6,2,470,230000
1154,5890,6,1930,Gable,816,Y,816,0,1,0,2,1,5,1,432,120500
1155,13700,7,1965,Gable,864,Y,902,918,1,2,4,1,8,2,492,201800
1156,10768,5,1976,Gable,1437,Y,1437,0,2,0,3,1,6,2,528,218000
1157,9350,5,1965,Gable,1219,Y,1265,0,2,0,3,1,6,2,502,179900
1158,5001,7,2007,Gable,1314,Y,1314,0,2,0,2,1,6,2,626,230000
1159,11932,8,2007,Gable,1580,Y,1580,0,2,0,3,1,7,3,830,235128
1160,9120,6,1974,Hip,901,Y,943,933,2,1,4,1,8,2,540,185000
1161,2280,6,1978,Gable,855,Y,855,601,2,1,3,1,7,2,440,146000
1162,14778,6,1954,Hip,1296,Y,1640,0,1,0,3,1,7,2,924,224000
1163,8724,5,1968,Gable,894,Y,894,0,1,0,3,1,5,2,450,129000
1164,12900,4,1969,Gable,1198,Y,1258,0,0,2,0,2,6,2,400,108959
1165,16157,5,1978,Gable,1360,Y,1432,0,1,1,2,1,5,2,588,194000
1166,9541,7,2009,Gable,1502,Y,1502,0,2,0,3,1,7,2,644,233170
1167,10475,8,2008,Gable,1694,Y,1694,0,2,0,3,1,7,3,776,245350
1168,10852,6,2000,Gable,959,Y,959,712,2,1,3,1,7,2,472,173000
1169,13728,6,1935,Hip,1127,Y,1236,872,2,0,4,1,7,2,540,235000
1170,35760,10,1995,Hip,1930,Y,1831,1796,3,1,4,1,10,3,807,625000
1171,9880,6,1977,Gable,1096,Y,1118,0,1,0,3,1,6,1,358,171000
1172,9120,6,1958,Hip,1261,Y,1261,0,1,0,3,1,6,2,433,163000
1173,4017,7,2006,Gable,625,Y,625,625,2,1,2,1,5,2,625,171900
1174,18030,5,1946,Gable,1598,Y,1636,971,3,0,3,1,12,0,0,200500
1175,16560,6,1932,Gable,952,Y,1170,1175,2,1,4,1,9,2,360,239000
1176,10678,8,1992,Hip,1683,Y,2129,743,2,1,4,1,9,2,541,285000
1177,6951,5,1984,Gable,876,Y,923,0,1,0,3,1,5,1,264,119500
1178,3950,6,1926,Gable,818,Y,818,406,1,0,3,1,5,1,210,115000
1179,7681,5,1921,Gable,731,Y,820,523,1,1,3,1,7,1,186,154900
1180,8335,5,1954,Gable,0,Y,1124,0,1,0,3,1,5,0,0,93000
1181,11170,7,1990,Gable,1216,Y,1298,1216,2,1,4,1,8,2,693,250000
1182,5587,8,2008,Hip,1600,Y,1652,0,2,0,2,1,5,2,482,392500
1183,15623,10,1996,Hip,2396,Y,2411,2065,3,1,4,1,10,3,813,745000
1184,10800,5,1920,Hip,1120,Y,1130,0,1,0,2,1,5,2,720,120000
1185,35133,5,1963,Hip,1572,Y,1572,0,1,1,3,1,5,3,995,186700
1186,9738,5,1924,Gable,784,Y,949,272,1,0,4,1,7,1,392,104900
1187,10615,3,1900,Gable,978,Y,1014,685,2,0,3,2,7,2,420,95000
1188,12461,8,1994,Gable,1624,Y,1624,0,2,0,2,1,5,3,757,262000
1189,8935,7,2002,Gable,831,Y,831,829,2,1,3,1,7,2,493,195000
1190,7500,7,1999,Gable,994,Y,1028,776,2,1,3,1,7,2,442,189000
1191,32463,4,1961,Gable,1249,Y,1622,0,1,0,3,1,7,4,1356,168000
1192,2645,8,1999,Gable,776,Y,764,677,2,1,2,1,5,2,492,174000
1193,9600,5,1925,Gambrel,702,Y,842,630,1,0,3,1,6,1,250,125000
1194,4500,6,1999,Hip,1224,Y,1224,0,2,0,2,1,5,2,402,165000
1195,9364,6,1969,Gable,663,Y,663,689,1,1,4,1,7,1,299,158000
1196,8029,6,2005,Gable,728,Y,728,728,2,1,3,1,8,2,400,176000
1197,14054,7,2006,Gable,879,Y,879,984,2,1,4,1,9,3,660,219210
1198,8850,7,1916,Gable,815,Y,815,875,1,0,3,1,7,1,225,144000
1199,9100,7,2001,Gable,1212,Y,1212,0,2,0,3,1,6,2,573,178000
1200,11235,4,1963,Gable,1051,Y,1382,0,1,1,3,1,6,2,459,148000
1201,9353,4,1970,Gable,864,Y,864,0,1,0,3,1,5,1,280,116050
1202,10400,7,1998,Gable,866,Y,866,913,2,1,3,1,6,2,546,197900
1203,6000,5,1925,Gable,884,Y,884,464,1,0,3,1,5,1,216,117000
1204,9750,7,2000,Gable,1630,Y,1630,0,2,0,3,1,6,2,451,213000
1205,10140,5,1975,Gable,1056,Y,1074,0,1,1,3,1,6,2,495,153500
1206,14684,7,1990,Hip,2158,Y,2196,0,2,0,3,1,7,3,701,271900
1207,8900,4,1966,Gable,1056,Y,1056,0,1,0,2,1,5,1,384,107000
1208,9135,6,2003,Gable,1682,Y,1700,0,2,0,3,1,7,2,544,200000
1209,7763,5,1962,Gable,931,Y,1283,0,1,0,3,1,6,2,506,140000
1210,10182,8,2006,Hip,1660,Y,1660,0,2,0,3,1,8,2,500,290000
1211,11218,6,1992,Gable,1055,Y,1055,790,2,1,3,1,8,2,462,189000
1212,12134,8,1988,Gable,559,Y,1080,672,2,0,4,1,8,2,492,164000
1213,9340,4,1941,Hip,672,Y,672,0,1,0,2,1,4,1,234,113000
1214,10246,4,1965,Gable,648,Y,960,0,0,0,0,1,3,1,364,145000
1215,10205,5,1962,Gable,925,Y,999,0,1,0,3,1,6,1,300,134500
1216,7094,5,1966,Gable,894,Y,894,0,1,0,3,1,5,1,384,125000
1217,8930,6,1978,Gable,0,Y,1318,584,2,0,4,2,8,2,539,112000
1218,8640,8,2009,Gable,1300,Y,1314,0,2,0,3,1,6,2,552,229456
1219,6240,4,1947,Gable,0,N,672,240,1,0,2,1,3,0,0,80500
1220,1680,6,1971,Gable,672,Y,672,546,1,1,3,1,7,0,0,91500
1221,7800,5,1964,Gable,912,Y,912,0,1,0,2,1,5,1,288,115000
1222,8250,5,1968,Hip,952,Y,1211,0,1,0,3,1,5,1,322,134000
1223,10496,6,1949,Gable,1040,Y,1168,678,2,0,3,1,7,1,315,143000
1224,10680,5,1951,Hip,2136,N,2136,0,2,0,4,1,7,2,528,137900
1225,15384,7,2004,Gable,788,Y,788,702,2,1,3,1,8,2,388,184000
1226,10482,6,1958,Hip,588,Y,1138,0,1,0,3,1,6,1,264,145000
1227,14598,6,2007,Gable,894,Y,894,1039,2,1,4,1,9,3,668,214000
1228,8872,5,1965,Gable,912,Y,912,0,1,0,2,1,5,2,576,147000
1229,8769,9,2008,Hip,1702,Y,1702,0,1,1,1,1,7,3,1052,367294
1230,7910,5,1960,Hip,1075,Y,1507,0,2,0,4,1,7,1,404,127000
1231,18890,5,1977,Shed,1361,Y,1361,1259,2,2,4,2,12,2,600,190000
1232,7728,5,1962,Hip,1106,Y,1190,0,1,0,3,1,6,2,540,132500
1233,9842,4,1962,Gable,0,Y,1224,0,2,0,2,2,6,2,462,101800
1234,12160,5,1959,Hip,1188,Y,1188,0,1,0,3,1,6,2,531,142000
1235,8525,5,1911,Gable,940,N,1024,940,1,1,4,1,7,0,0,130000
1236,13132,5,1914,Gable,747,Y,892,892,1,1,4,1,9,1,180,138887
1237,2628,7,2003,Gable,764,Y,764,862,2,1,2,1,6,2,474,175500
1238,12393,7,2004,Gable,847,Y,847,1101,2,1,4,1,8,2,434,195000
1239,13072,6,2005,Gable,1141,Y,1141,0,1,1,3,1,6,2,484,142500
1240,9037,8,2006,Hip,1476,Y,1484,0,2,0,2,1,6,2,472,265900
1241,8158,7,2003,Gable,884,Y,884,884,2,1,3,1,8,2,543,224900
1242,9849,7,2007,Hip,1689,Y,1689,0,2,0,3,1,7,3,954,248328
1243,10625,7,1974,Gable,1053,Y,1173,0,2,0,3,1,6,2,528,170000
1244,13891,10,2006,Gable,2076,Y,2076,0,2,1,2,1,7,3,850,465000
1245,11435,8,1929,Gable,792,Y,792,725,1,0,3,1,7,2,400,230000
1246,12090,6,1984,Hip,585,Y,1140,728,3,1,3,1,7,2,477,178000
1247,8125,7,2005,Gable,756,Y,756,797,2,1,3,1,6,2,615,186500
1248,12328,6,1976,Gable,1012,Y,1034,0,1,0,3,1,6,3,888,169900
1249,9600,6,1917,Gable,735,N,1134,924,1,1,3,1,8,2,396,129500
1250,7200,5,1950,Gable,876,Y,988,0,1,0,3,1,6,1,276,119000
1251,11160,7,1968,Hip,2110,Y,2110,0,2,1,3,1,8,2,522,244000
1252,3136,7,2003,Gable,1405,Y,1405,0,2,0,2,1,6,2,478,171750
1253,9858,5,1968,Gable,864,Y,874,0,1,0,3,1,5,1,288,130000
1254,17542,7,1974,Gable,1192,Y,1516,651,2,1,3,1,9,2,518,294000
1255,6931,7,2003,Gable,746,Y,760,896,2,1,3,1,7,2,397,165400
1256,6240,6,1931,Gable,884,Y,959,408,1,0,3,1,6,1,560,127500
1257,14303,8,1994,Hip,1986,Y,1987,0,2,0,2,1,7,2,691,301500
1258,4060,5,1922,Gable,864,Y,864,0,1,0,2,1,4,0,0,99900
1259,9587,7,2005,Gable,856,Y,1166,0,2,0,2,1,5,2,400,190000
1260,9750,6,1969,Gable,1054,Y,1054,0,1,1,3,1,6,2,460,151000
1261,24682,6,1999,Gable,841,Y,892,783,2,1,3,1,7,2,502,181000
1262,9600,5,1956,Hip,1050,Y,1050,0,1,0,2,1,5,1,338,128900
1263,11250,4,1957,Gable,1104,Y,1104,684,1,0,5,1,8,1,304,161500
1264,13515,6,1919,Gambrel,764,Y,1060,764,1,0,3,1,8,2,520,180500
1265,4060,6,1998,Gable,1405,Y,1337,0,2,0,2,1,5,2,511,181000
1266,3735,7,1999,Hip,691,Y,713,739,2,1,3,1,6,2,506,183900
1267,10120,7,1910,Hip,925,N,964,925,1,1,4,2,9,1,308,122000
1268,13214,9,2008,Hip,2002,Y,2018,0,2,0,3,1,10,3,746,378500
1269,14100,8,1935,Gable,728,Y,1968,1479,3,1,4,1,11,3,1014,381000
1270,11344,5,1958,Gable,874,Y,874,650,1,1,3,1,7,1,315,144000
1271,23595,7,1979,Shed,1332,Y,1332,192,0,1,0,1,4,2,586,260000
1272,9156,6,1968,Hip,1489,Y,1489,0,2,0,3,1,7,2,462,185750
1273,13526,5,1965,Hip,935,Y,935,0,1,0,3,1,5,1,288,137000
1274,11512,6,1959,Gable,1019,Y,1357,0,1,0,2,1,5,1,312,177000
1275,5362,5,1910,Gable,661,Y,661,589,2,0,3,1,8,2,552,139000
1276,11345,5,1948,Gable,928,Y,928,992,2,0,4,2,10,2,400,137000
1277,12936,6,1972,Gable,723,Y,735,660,1,1,3,1,6,2,497,162000
1278,17871,6,1967,Gable,1680,Y,1724,0,1,1,3,1,7,2,480,197900
1279,9473,8,2002,Gable,1128,Y,1128,903,2,1,3,1,7,2,577,237000
1280,7500,4,1920,Gable,698,Y,698,430,1,0,2,1,6,2,528,68400
1281,9808,7,2002,Gable,1573,Y,1573,0,2,0,3,1,6,2,544,227000
1282,8049,7,1990,Hip,1309,Y,1339,0,2,0,2,1,6,2,484,180000
1283,8800,5,1977,Gable,1040,Y,1040,0,2,0,3,1,5,2,484,150500
1284,9400,6,1971,Mansard,912,Y,912,912,2,2,4,2,8,0,0,139000
1285,9638,6,1919,Gable,804,Y,1699,748,2,0,4,1,10,1,336,169000
1286,6000,6,1939,Gable,780,Y,825,587,1,0,4,1,6,1,280,132500
1287,9790,6,1963,Hip,1328,Y,1328,0,1,1,3,1,6,2,528,143000
1288,36500,5,1964,Gable,1624,Y,1582,0,2,0,4,1,7,2,390,190000
1289,5664,8,2000,Gable,1501,Y,1659,0,2,0,2,1,5,2,499,278000
1290,11065,8,2006,Gable,1085,Y,1120,850,2,1,3,1,8,3,753,281000
1291,14112,5,1964,Hip,1152,Y,1152,0,1,0,3,1,6,2,484,180500
1292,1680,5,1972,Gable,630,Y,630,672,2,1,3,1,6,1,264,119500
1293,6600,5,1892,Gable,994,N,1378,994,2,0,4,2,11,1,432,107500
1294,10140,7,1976,Gable,832,Y,832,832,2,1,4,1,8,2,528,162900
1295,8172,5,1955,Hip,864,Y,864,0,1,0,2,1,5,2,572,115000
1296,8400,5,1968,Hip,1052,Y,1052,0,1,1,3,1,5,1,288,138500
1297,8700,5,1963,Hip,1120,Y,1128,0,2,0,3,1,6,2,525,155000
1298,3675,6,2005,Gable,547,Y,1072,0,2,0,2,1,5,2,525,140000
1299,63887,10,2008,Hip,6110,Y,4692,950,2,1,3,1,12,2,1418,160000
1300,7500,5,1959,Hip,1246,Y,1246,0,1,1,3,1,6,1,305,154000
1301,10762,7,1999,Gable,978,Y,1005,978,2,1,3,1,9,2,490,225000
1302,7500,6,1942,Gable,771,Y,753,741,1,0,3,1,7,1,213,177500
1303,10120,8,1994,Hip,1165,Y,1203,1323,2,1,4,1,8,3,844,290000
1304,8688,7,2005,Gable,1616,Y,1616,0,2,0,3,1,7,3,834,232000
1305,3363,7,2004,Gable,976,Y,976,732,2,0,3,1,7,2,380,130000
1306,13173,9,2006,Hip,1652,Y,1652,0,2,0,2,1,6,2,840,325000
1307,6955,7,2005,Gable,1368,Y,1368,0,2,0,2,1,6,2,474,202500
1308,8072,5,1994,Gable,990,Y,990,0,1,0,3,1,5,2,480,138000
1309,12000,5,1948,Gable,924,Y,1122,0,1,0,2,1,6,2,528,147000
1310,7153,6,1991,Gable,1278,Y,1294,0,2,0,3,1,6,2,496,179200
1311,17500,7,1959,Gable,1902,Y,1902,0,2,0,3,1,7,2,567,335000
1312,8814,7,2005,Gable,1274,Y,1274,0,2,0,3,1,6,2,508,203000
1313,9572,8,1990,Gable,1453,Y,1453,1357,2,1,4,1,9,2,750,302000
1314,14774,9,1999,Gable,1393,Y,1422,1177,2,1,4,1,10,3,779,333168
1315,8190,4,1954,Hip,948,Y,948,0,1,0,3,1,5,1,280,119000
1316,11075,6,1969,Gable,952,Y,1092,1020,2,1,4,1,9,2,576,206900
1317,10226,8,2008,Gable,1622,Y,1630,0,2,0,3,1,8,3,860,295493
1318,4230,7,2006,Gable,1352,Y,1352,0,2,0,2,1,5,2,466,208900
1319,14781,8,2001,Hip,1753,Y,1787,0,2,0,3,1,7,3,748,275000
1320,10215,4,1954,Hip,864,Y,948,0,1,0,3,1,5,1,248,111000
1321,8400,6,1957,Hip,1478,Y,1478,0,1,1,3,1,6,2,442,156500
1322,6627,3,1949,Hip,0,N,720,0,1,0,2,1,4,1,287,72500
1323,10186,7,1992,Gable,750,Y,1061,862,2,1,3,1,8,2,564,190000
1324,5330,4,1940,Hip,420,Y,708,0,1,0,2,1,5,0,0,82500
1325,9986,8,2006,Gable,1795,Y,1795,0,2,0,2,1,7,3,895,147000
1326,3636,4,1922,Gable,796,N,796,0,1,0,2,1,5,0,0,55000
1327,4270,3,1931,Gable,544,Y,774,0,1,0,3,1,6,0,0,79000
1328,6600,5,1982,Gable,816,Y,816,0,1,0,3,1,5,1,264,130500
1329,10440,6,1920,Gable,1510,Y,1584,1208,2,0,5,1,8,2,520,256000
1330,9084,7,1998,Hip,935,Y,955,677,2,1,3,1,8,2,462,176500
1331,10000,8,2006,Hip,1588,Y,1588,0,2,0,3,1,7,3,825,227000
1332,10780,5,1976,Gable,911,Y,954,0,1,0,3,1,6,2,576,132500
1333,8877,4,1938,Gable,816,Y,816,0,1,0,2,1,3,1,288,100000
1334,7200,5,1938,Gable,803,Y,803,557,1,1,2,1,6,1,297,125500
1335,2368,5,1970,Gable,765,Y,765,600,1,1,3,1,7,2,440,125000
1336,9650,6,1977,Gable,1350,Y,1334,0,2,0,2,1,6,2,630,167900
1337,9246,5,1973,Gable,1656,Y,1656,0,2,0,4,2,8,2,506,135000
1338,4118,4,1941,Gable,693,N,693,0,1,0,2,1,4,0,0,52500
1339,13450,7,2002,Gable,916,Y,920,941,2,1,3,1,8,2,492,200000
1340,9560,5,1972,Hip,864,Y,864,0,1,0,3,1,5,1,288,128500
1341,8294,4,1971,Gable,858,Y,872,0,1,0,3,1,5,4,480,123000
1342,13695,6,2003,Gable,1114,Y,1114,0,1,0,3,1,6,2,576,155000
1343,9375,8,2002,Gable,1284,Y,1284,885,2,1,3,1,7,2,647,228500
1344,7558,6,1928,Gable,896,Y,1172,741,1,1,3,1,9,2,342,177000
1345,11103,7,2006,Gable,728,Y,728,728,2,1,3,1,8,2,440,155835
1346,6000,4,1920,Hip,960,Y,960,0,1,0,2,1,5,1,308,108500
1347,20781,7,1968,Hip,1568,Y,2156,0,2,0,3,1,9,2,508,262500
1348,15306,8,2006,Gable,1732,Y,1776,0,2,0,3,1,7,3,712,283463
1349,16196,7,1998,Gable,1482,Y,1494,0,2,0,3,1,5,2,514,215000
1350,5250,8,1872,Gable,684,N,938,1215,2,0,4,1,8,0,0,122000
1351,11643,5,1969,Gable,1248,Y,1338,1296,2,2,6,2,12,4,968,200000
1352,9247,6,1962,Gable,858,Y,858,858,1,1,4,1,8,2,490,171000
1353,6000,6,1937,Gable,698,Y,786,390,1,0,2,1,4,2,624,134900
1354,14720,8,1995,Hip,2033,Y,2053,1185,2,1,4,1,9,3,666,410000
1355,10316,7,2000,Gable,992,Y,992,873,2,1,3,1,7,3,839,235000
1356,10192,7,1968,Gable,570,Y,1222,698,3,0,4,1,8,2,487,170000
1357,9477,5,1966,Gable,864,Y,892,0,1,0,3,1,5,1,264,110000
1358,12537,5,1971,Gable,1078,Y,1078,0,1,1,3,1,6,2,500,149900
1359,2117,6,2000,Gable,756,Y,769,804,2,1,3,1,5,2,440,177500
1360,16737,9,2004,Hip,1980,Y,1980,0,2,0,3,1,8,3,770,315000
1361,9842,5,1921,Gable,612,Y,990,1611,3,1,4,1,8,2,621,189000
1362,16158,7,2005,Hip,1530,Y,1530,0,2,0,3,1,7,2,430,260000
1363,12513,4,1920,Gable,715,Y,1281,457,2,0,4,1,7,1,368,104900
1364,8499,6,2006,Gable,616,Y,616,796,2,1,3,1,6,2,432,156932
1365,3180,7,2005,Gable,600,Y,520,600,2,1,2,1,4,2,480,144152
1366,7500,7,2000,Gable,814,Y,814,860,2,1,3,1,7,2,663,216000
1367,9179,7,1999,Gable,873,Y,882,908,2,1,3,1,7,2,588,193000
1368,2665,5,1977,Gable,757,Y,925,550,2,0,4,1,6,1,336,127000
1369,4435,6,2003,Gable,848,Y,848,0,1,0,1,1,4,2,420,144000
1370,10635,8,2003,Hip,1657,Y,1668,0,2,0,3,1,8,2,502,232000
1371,5400,4,1920,Gable,840,Y,840,534,1,0,2,1,6,1,338,105000
1372,9600,6,1955,Hip,992,Y,1661,0,1,0,3,1,8,1,377,165500
1373,9750,7,1998,Gable,1108,Y,1108,989,2,1,3,1,8,2,583,274300
1374,11400,10,2001,Hip,2633,Y,2633,0,2,1,2,1,8,3,804,466500
1375,10625,7,2005,Gable,1026,Y,1026,932,2,1,3,1,9,3,936,250000
1376,10991,8,2007,Gable,1571,Y,1571,0,2,0,3,1,7,3,722,239000
1377,6292,6,1930,Gable,768,N,790,0,1,0,2,1,4,1,160,91000
1378,10998,5,1941,Gable,984,Y,984,620,2,0,3,1,6,2,660,117000
1379,1953,6,1973,Gable,483,Y,483,504,1,1,2,1,5,1,264,83000
1380,9735,5,2006,Gable,384,Y,754,640,2,1,3,1,7,2,400,167500
1381,8212,3,1914,Gable,864,N,864,0,1,0,2,1,5,1,200,58500
1382,12925,6,1970,Gable,1205,Y,2117,0,2,1,4,1,7,2,550,237500
1383,7200,7,1920,Hip,596,Y,998,764,1,1,4,1,8,2,576,157000
1384,25339,5,1918,Gable,816,Y,1416,0,2,0,3,1,7,2,576,112000
1385,9060,6,1939,Gable,560,Y,698,560,1,0,2,1,6,1,280,105000
1386,5436,4,1922,Gable,796,Y,796,358,1,0,3,1,7,1,240,125500
1387,16692,7,1978,Gable,1392,Y,1392,1392,3,1,5,1,12,2,564,250000
1388,8520,6,1916,Gable,714,N,1664,862,2,0,5,1,10,1,216,136000
1389,14892,9,2006,Gable,1746,Y,1746,0,2,0,3,1,7,3,758,377500
1390,6000,6,1941,Gable,735,Y,869,349,1,0,3,1,6,2,440,131000
1391,9100,7,2000,Gable,1525,Y,1525,0,2,0,3,1,6,2,541,235000
1392,8944,5,1967,Gable,1584,Y,1584,0,2,0,4,2,8,3,792,124000
1393,7838,5,1967,Gable,864,Y,900,0,1,0,3,1,6,1,288,123000
1394,10800,6,1905,Gable,482,N,1221,691,2,0,3,2,7,2,672,163000
1395,4045,7,2006,Hip,1356,Y,1500,0,2,0,2,1,6,3,648,246578
1396,12665,8,2005,Hip,1094,Y,1133,1349,2,1,4,1,9,3,642,281213
1397,57200,5,1948,Gable,747,Y,1687,0,1,0,3,1,7,2,572,160000
1398,6120,5,1920,Gable,939,Y,939,574,1,1,4,1,8,1,180,137500
1399,7200,5,1950,Gable,1208,Y,1136,768,1,1,3,1,7,1,240,138000
1400,6171,6,1925,Gable,976,Y,1160,448,2,1,3,1,7,1,216,137450
1401,6000,6,1929,Gable,862,Y,950,208,1,0,3,1,5,1,208,120000
1402,7415,6,2004,Gable,839,Y,864,729,2,1,3,1,8,2,398,193000
1403,6762,7,2006,Gable,1286,Y,1294,0,2,0,2,1,6,2,662,193879
1404,15256,8,2007,Gable,1485,Y,1464,0,2,0,3,1,6,3,754,282922
1405,10410,3,1915,Gable,672,Y,694,520,1,0,3,1,6,3,936,105000
1406,3842,8,2004,Hip,1594,Y,1646,0,2,0,2,1,5,2,482,275000
1407,8445,5,1972,Gable,768,Y,768,0,1,0,2,1,5,2,396,133000
1408,8780,5,1985,Gable,833,Y,833,0,1,0,3,1,5,0,0,112000
1409,7740,4,1910,Gable,622,Y,741,622,1,0,3,1,6,2,528,125500
1410,20544,7,1986,Gable,791,Y,1236,857,2,1,3,1,7,2,542,215000
1411,12420,7,2001,Gable,944,Y,944,896,2,1,3,1,6,2,622,230000
1412,9600,6,1950,Gable,856,Y,1112,556,1,1,3,1,6,1,271,140000
1413,7200,4,1949,Gable,0,N,1040,0,2,0,2,2,6,2,420,90000
1414,10994,8,2005,Gable,1844,Y,1844,0,2,0,2,1,7,2,620,257000
1415,13053,6,1923,Gambrel,833,Y,1053,795,1,1,4,1,8,2,370,207000
1416,3635,7,2007,Hip,1386,Y,1569,0,2,0,1,1,7,3,660,175900
1417,11340,4,1885,Gable,777,Y,1246,1044,2,0,4,2,11,2,560,122500
1418,16545,8,1998,Gable,1284,Y,1310,1140,2,1,3,1,7,3,1069,340000
1419,9204,5,1963,Gable,1144,Y,1144,0,1,1,3,1,6,1,336,124000
1420,16381,6,1969,Gable,1844,Y,1844,0,2,0,3,1,7,2,540,223000
1421,11700,6,1968,Gable,708,Y,708,708,2,1,3,1,7,2,776,179900
1422,4043,6,1977,Gable,1069,Y,1069,0,2,0,2,1,4,2,440,127500
1423,4435,6,2003,Gable,848,Y,848,0,1,0,1,1,3,2,420,136500
1424,19690,6,1966,Flat,697,Y,1575,626,2,0,4,1,8,2,432,274970
1425,9503,5,1958,Hip,1024,Y,1344,0,1,0,2,1,6,1,484,144000
1426,10721,6,1959,Hip,1252,Y,1252,0,1,0,3,1,7,2,528,142000
1427,10944,7,1994,Gable,1223,Y,1223,904,2,1,3,1,5,2,525,271000
1428,10930,5,1945,Gable,913,Y,1048,510,1,1,3,1,6,1,288,140000
1429,7200,5,1940,Gable,788,Y,804,0,1,0,2,1,4,1,240,119000
1430,12546,6,1981,Gable,1440,Y,1440,0,2,0,3,1,7,2,467,182900
1431,21930,5,2005,Gable,732,Y,734,1104,2,1,4,1,7,2,372,192140
1432,4928,6,1976,Gable,958,Y,958,0,2,0,2,1,5,2,440,143750
1433,10800,4,1927,Gable,656,Y,968,0,2,0,4,1,5,1,216,64500
1434,10261,6,2000,Gable,936,Y,962,830,2,1,3,1,8,2,451,186500
1435,17400,5,1977,Gable,1126,Y,1126,0,2,0,3,1,5,2,484,160000
1436,8400,6,1962,Gable,1319,Y,1537,0,1,1,3,1,7,2,462,174000
1437,9000,4,1971,Gable,864,Y,864,0,1,0,3,1,5,2,528,120500
1438,12444,8,2008,Hip,1932,Y,1932,0,2,0,2,1,7,3,774,394617
1439,7407,6,1957,Gable,912,Y,1236,0,1,0,2,1,6,2,923,149700
1440,11584,7,1979,Hip,539,Y,1040,685,2,1,3,1,6,2,550,197000
1441,11526,6,1922,Gable,588,Y,1423,748,2,0,3,1,11,2,672,191000
1442,4426,6,2004,Gable,848,Y,848,0,1,0,1,1,3,2,420,149300
1443,11003,10,2008,Gable,1017,Y,1026,981,2,1,3,1,10,3,812,310000
1444,8854,6,1916,Gable,952,N,952,0,1,0,2,1,4,1,192,121000
1445,8500,7,2004,Gable,1422,Y,1422,0,2,0,3,1,7,2,626,179600
1446,8400,6,1966,Gable,814,Y,913,0,1,0,3,1,6,1,240,129000
1447,26142,5,1962,Gable,1188,Y,1188,0,1,0,3,1,6,1,312,157900
1448,10000,8,1995,Gable,1220,Y,1220,870,2,1,3,1,8,2,556,240000
1449,11767,4,1910,Gable,560,N,796,550,1,1,2,1,6,1,384,112000
1450,1533,5,1970,Gable,630,Y,630,0,1,0,1,1,3,0,0,92000
1451,9000,5,1974,Gable,896,Y,896,896,2,2,4,2,8,0,0,136000
1452,9262,8,2008,Gable,1573,Y,1578,0,2,0,3,1,7,3,840,287090
1453,3675,5,2005,Gable,547,Y,1072,0,1,0,2,1,5,2,525,145000
1454,17217,5,2006,Gable,1140,Y,1140,0,1,0,3,1,6,0,0,84500
1455,7500,7,2004,Gable,1221,Y,1221,0,2,0,2,1,6,2,400,185000
1456,7917,6,1999,Gable,953,Y,953,694,2,1,3,1,7,2,460,175000
1457,13175,6,1978,Gable,1542,Y,2073,0,2,0,3,1,7,2,500,210000
1458,9042,7,1941,Gable,1152,Y,1188,1152,2,0,4,1,9,1,252,266500
1459,9717,5,1950,Hip,1078,Y,1078,0,1,0,2,1,5,1,240,142125
1460,9937,5,1965,Gable,1256,Y,1256,0,1,1,3,1,6,1,276,147500
